id,ticket_id,created,affirmer,notes,type_id,contributors,fix,reference,opened,responded,updated,creator_id,archived,difficulty,system,team,regression,regression_url,exported
618,"",2021-11-15 00:01:08.665457+00,Richard Hsu,ODIN unreliability:  restart clears,196,"Chris Reyes, Bridget, Fan",ODIN unreliability:  restart clears,https://mattermost.team.affirm.com/affirm/pl/4mjhgtcii7gcmm5o195aw74her,2021-10-07 07:35:00+00,2021-10-07 08:35:00+00,2021-11-15 00:01:08.665471+00,,f,2,o,N/A,f,,f
619,"",2021-11-15 00:01:08.671654+00,Aaron,Fully-qualified ODIN_ID,197,"Tony Cheang, Tyson, Mayank",Fully-qualified ODIN_ID,https://mattermost.team.affirm.com/affirm/pl/mtyp6fxr43r8mxk36iy1uzgi5c,2021-10-07 11:19:00+00,2021-10-07 11:27:00+00,2021-11-15 00:01:08.671666+00,,f,2,o,N/A,f,,f
620,"",2021-11-15 00:01:08.678568+00,Jonathan Kim,restart clears,199,Tyson,restart clears,https://mattermost.team.affirm.com/affirm/pl/wugimueqstdm5mxxyp1yajxzxe,2021-10-12 08:24:00+00,2021-10-12 09:40:00+00,2021-11-15 00:01:08.678579+00,,f,2,o,N/A,f,,f
621,"",2021-11-15 00:01:08.683392+00,Richard Hsu,Restart RabbitMQ into submission,200,"Jonathan Kim, Diana",Restart RabbitMQ into submission,https://mattermost.team.affirm.com/affirm/pl/q61y3nbfibys3xwsoiwpmm4oxy,2021-10-12 08:31:00+00,2021-10-12 08:32:00+00,2021-11-15 00:01:08.683403+00,,f,2,o,N/A,f,,f
622,"",2021-11-15 00:01:08.687722+00,Santiago,invalid request,201,Tyson,invalid request,https://mattermost.team.affirm.com/affirm/pl/gazgyjwsiirix8nkkjo7gn8hcc,2021-10-12 12:49:00+00,2021-10-12 13:20:00+00,2021-11-15 00:01:08.687733+00,,f,2,o,N/A,f,,f
623,"",2021-11-15 00:01:08.69227+00,Avni,usage,202,Diana,usage,https://mattermost.team.affirm.com/affirm/pl/jjat8z79ujd7pqfdfce1rouhfc,2021-10-12 13:22:00+00,2021-10-12 13:25:00+00,2021-11-15 00:01:08.692281+00,,f,2,o,N/A,f,,f
624,"",2021-11-15 00:01:08.696783+00,Stephen Dao,out of space,203,"Tyson, Diana",out of space,https://mattermost.team.affirm.com/affirm/pl/n7cp4o1xytyh5xgxgey3gbb34r,2021-10-13 08:48:00+00,2021-10-13 09:05:00+00,2021-11-15 00:01:08.696794+00,,f,2,o,N/A,f,,f
625,"",2021-11-15 00:01:08.700182+00,shwetha,salt ...,199,Tyson,salt ...,https://mattermost.team.affirm.com/affirm/pl/bmzh9at697r8tk75zodmq55rbw,2021-10-13 09:24:00+00,2021-10-13 09:40:00+00,2021-11-15 00:01:08.700194+00,,f,2,o,N/A,f,,f
626,"",2021-11-15 00:01:08.70339+00,Jonathan Kim,restart,200,Diana,restart,https://mattermost.team.affirm.com/affirm/pl/y5c41o17kbbnjc817oh65mrhge,2021-10-14 10:36:00+00,2021-10-14 10:36:00+00,2021-11-15 00:01:08.703401+00,,f,2,o,N/A,f,,f
627,"",2021-11-15 00:01:08.707719+00,Jacob Beck,restart,204,Diana,restart,https://mattermost.team.affirm.com/affirm/pl/qj6qzae1rbyzbeuk5ng1f7emdy,2021-10-14 12:56:00+00,2021-10-14 12:57:00+00,2021-11-15 00:01:08.70773+00,,f,2,o,N/A,f,,f
628,"",2021-11-15 00:01:08.712012+00,John C.,apply Canada patch,205,Diana,apply Canada patch,https://mattermost.team.affirm.com/affirm/pl/zzfagn96fbn18dyy6o91gk7xdw,2021-10-14 15:04:00+00,2021-10-14 15:05:00+00,2021-11-15 00:01:08.712023+00,,f,2,o,N/A,f,,f
629,"",2021-11-15 00:01:08.715933+00,John C.,global fix,205,"Cameron, Tyson, Diana",global fix,https://mattermost.team.affirm.com/affirm/pl/qfi76y89ypdoprcy9f56hh5zsr,2021-10-15 07:45:00+00,2021-10-15 07:58:00+00,2021-11-15 00:01:08.715945+00,,f,2,o,N/A,f,,f
630,"",2021-11-15 00:01:08.720093+00,Jonathan Kim,global fix,206,"Fan, Diana, Tyson",global fix,https://mattermost.team.affirm.com/affirm/pl/ab3qj5hknbb69r4nmdj15nhe4o,2021-10-15 07:47:00+00,2021-10-15 09:20:00+00,2021-11-15 00:01:08.720105+00,,f,2,o,N/A,f,,f
631,"",2021-11-15 00:01:08.724295+00,Jacob Beck,read the documentation,207,"Fan, David Smith, Tyson",read the documentation,https://mattermost.team.affirm.com/affirm/pl/iqzxudfsc3fdmdyrcokb7hsg4w,2021-10-15 09:43:00+00,2021-10-15 09:50:00+00,2021-11-15 00:01:08.724306+00,,f,2,o,N/A,f,,f
632,"",2021-11-15 00:01:08.728951+00,Arman,global fix,208,Diana,global fix,https://mattermost.team.affirm.com/affirm/pl/ot4n9qh5qpbb8rohxs4gmjkf7y,2021-10-15 10:57:00+00,2021-10-15 10:58:00+00,2021-11-15 00:01:08.728963+00,,f,2,o,N/A,f,,f
633,"",2021-11-15 00:01:08.732787+00,Eugene Eydln,global fix,208,Diana,global fix,https://mattermost.team.affirm.com/affirm/pl/3arkcu66yiypprkuawt18dxh1o,2021-10-15 12:15:00+00,2021-10-15 12:17:00+00,2021-11-15 00:01:08.732798+00,,f,2,o,N/A,f,,f
634,"",2021-11-15 00:01:08.737224+00,David Smith,global fix,209,Tyson,global fix,https://mattermost.team.affirm.com/affirm/pl/68x6zxctqbbsp8o4f5745s78na,2021-10-15 13:05:00+00,2021-10-15 13:07:00+00,2021-11-15 00:01:08.737235+00,,f,2,o,N/A,f,,f
635,"",2021-11-15 00:01:08.740997+00,Jonathan Kim,out of space,208,"Cameron, Tyson, Diana",out of space,https://mattermost.team.affirm.com/affirm/pl/ebauiazdubgnub5n8ahhs3htrw,2021-10-18 08:10:00+00,2021-10-18 08:24:00+00,2021-11-15 00:01:08.741009+00,,f,2,o,N/A,f,,f
636,"",2021-11-15 00:01:08.745604+00,John C.,"",210,"Cameron, Tyson, Diana","",https://mattermost.team.affirm.com/affirm/pl/kw7rm5ooe7ddzqkzebnmxzx4hc,2021-10-18 08:43:00+00,2021-10-18 08:43:00+00,2021-11-15 00:01:08.745615+00,,f,2,o,N/A,f,,f
637,"",2021-11-15 00:01:08.75114+00,Aaron H,documentation,211,Teddy,documentation,https://mattermost.team.affirm.com/affirm/pl/de8wg4txk3gsuktrxt4dn7ykeo,2021-10-18 14:01:00+00,2021-10-18 14:02:00+00,2021-11-15 00:01:08.751152+00,,f,2,o,N/A,f,,f
638,"",2021-11-15 00:01:08.755631+00,Jacob Beck,documentation,212,"Tyson, Bryan, Fan",documentation,https://mattermost.team.affirm.com/affirm/pl/otx6s5t5ojd1mkqcresiqx3jqr,2021-10-18 15:29:00+00,2021-10-18 15:32:00+00,2021-11-15 00:01:08.755643+00,,f,2,o,N/A,f,,f
639,"",2021-11-15 00:01:08.76015+00,Eugene Eydln,documentation,213,"Cameron, Tyson",documentation,https://mattermost.team.affirm.com/affirm/pl/64tcmpjmetr65b4tbadzc31tuc,2021-10-19 07:13:00+00,2021-10-19 07:19:00+00,2021-11-15 00:01:08.760163+00,,f,2,o,N/A,f,,f
640,"",2021-11-15 00:01:08.764638+00,Ruqing,redirect to Live Batch,214,Tyson,redirect to Live Batch,https://mattermost.team.affirm.com/affirm/pl/1fhu53fbftb7ddpxft4xresxaw,2021-10-19 10:06:00+00,2021-10-19 10:11:00+00,2021-11-15 00:01:08.76465+00,,f,2,o,N/A,f,,f
641,"",2021-11-15 00:01:08.769106+00,Olivia,"",215,"Bryan, Diana, Fan","",https://mattermost.team.affirm.com/affirm/pl/fopcpcd3mtgtxgt8fobmrmgrce,2021-10-19 10:27:00+00,2021-10-19 10:30:00+00,2021-11-15 00:01:08.769118+00,,f,2,o,N/A,f,,f
642,"",2021-11-15 00:01:08.773821+00,Perla,ssh configure,216,Diana,ssh configure,https://mattermost.team.affirm.com/affirm/pl/zgr4xpfwdtyk8b76obhysw96jy,2021-10-19 13:15:00+00,2021-10-19 13:15:00+00,2021-11-15 00:01:08.773832+00,,f,2,o,N/A,f,,f
643,"",2021-11-15 00:01:08.776954+00,Fang,documentation,205,Bryan,documentation,https://mattermost.team.affirm.com/affirm/pl/8mc8bejn3f81uf3rg1i64u8e9y,2021-10-19 13:35:00+00,2021-10-19 13:36:00+00,2021-11-15 00:01:08.776966+00,,f,2,o,N/A,f,,f
644,"",2021-11-15 00:01:08.781102+00,Caren,restart,217,"Diana, Tyson",restart,https://mattermost.team.affirm.com/affirm/pl/tnoetzg45jr3jfqztp5qnm31cc,2021-10-19 15:40:00+00,2021-10-19 15:44:00+00,2021-11-15 00:01:08.781113+00,,f,2,o,N/A,f,,f
645,"",2021-11-15 00:01:08.785566+00,Mykhailo Yusko,documentation,218,Steve,documentation,https://mattermost.team.affirm.com/affirm/pl/ffgcbbwb3byz7x5qiqphs6q4zy,2021-10-20 02:14:00+00,2021-10-20 07:13:00+00,2021-11-15 00:01:08.785576+00,,f,2,o,N/A,f,,f
646,"",2021-11-15 00:01:08.790101+00,Oleh Hordiienko,read logs,219,Tyson,read logs,https://mattermost.team.affirm.com/affirm/pl/hduq8rzwmfyobdzocw9bbttmdh,2021-10-20 07:17:00+00,2021-10-20 09:03:00+00,2021-11-15 00:01:08.790112+00,,f,2,o,N/A,f,,f
647,"",2021-11-15 00:01:08.795146+00,Jacqui,documentation,220,Diana,documentation,https://mattermost.team.affirm.com/affirm/pl/szo85crbg7dopp3f8i6c8kz8ic,2021-10-20 10:23:00+00,2021-10-20 10:24:00+00,2021-11-15 00:01:08.795158+00,,f,2,o,N/A,f,,f
648,"",2021-11-15 00:01:08.798466+00,Stephen Dao,restart,208,Diana,restart,https://mattermost.team.affirm.com/affirm/pl/nrx8o8kqzifqicqzhz5p3mp1ua,2021-10-20 12:43:00+00,2021-10-20 12:44:00+00,2021-11-15 00:01:08.798478+00,,f,2,o,N/A,f,,f
649,"",2021-11-15 00:01:08.803181+00,Kuda,read logs,221,Diana,read logs,https://mattermost.team.affirm.com/affirm/pl/c4ab6am3d3g97dw4pymc3c769o,2021-10-20 14:02:00+00,2021-10-20 14:03:00+00,2021-11-15 00:01:08.803192+00,,f,2,o,N/A,f,,f
650,"",2021-11-15 00:01:08.807439+00,Tony Cheang,restart,222,Caren Guo,restart,https://mattermost.team.affirm.com/affirm/pl/tjozjtwm5ffk9kb4i3x3qmd8jh,2021-10-20 14:32:00+00,2021-10-20 14:52:00+00,2021-11-15 00:01:08.80745+00,,f,2,o,N/A,f,,f
651,"",2021-11-15 00:01:08.81061+00,Shaun,documentation,216,"Bryan, Diana",documentation,https://mattermost.team.affirm.com/affirm/pl/rgbdh6o4hfyh3eht1k6jz3tbiw,2021-10-20 15:27:00+00,2021-10-20 15:28:00+00,2021-11-15 00:01:08.810623+00,,f,2,o,N/A,f,,f
652,"",2021-11-15 00:01:08.813948+00,Helen Li,documentation,213,Diana,documentation,https://mattermost.team.affirm.com/affirm/pl/wx54nrsfejf4unozn389aw687w,2021-10-20 15:30:00+00,2021-10-20 15:36:00+00,2021-11-15 00:01:08.813961+00,,f,2,o,N/A,f,,f
653,"",2021-11-15 00:01:08.817207+00,Fang,documentation,205,Tyson,documentation,https://mattermost.team.affirm.com/affirm/pl/86gdqtafb3bcxcwjrg8w3kuxso,2021-10-20 16:11:00+00,2021-10-20 16:31:00+00,2021-11-15 00:01:08.817218+00,,f,2,o,N/A,f,,f
654,"",2021-11-15 00:01:08.820422+00,Kuda,operator error,221,"Cameron, Fan",operator error,https://mattermost.team.affirm.com/affirm/pl/u9ke5hbk7tdhfnbn8ybsy1gdwr,2021-10-20 16:22:00+00,2021-10-20 16:25:00+00,2021-11-15 00:01:08.820434+00,,f,2,o,N/A,f,,f
655,"",2021-11-15 00:01:08.824811+00,Perla,"",223,Cameron,"",https://mattermost.team.affirm.com/affirm/pl/wq3tcirmmtng3mbzro9rw1947w,2021-10-20 17:37:00+00,2021-10-20 17:49:00+00,2021-11-15 00:01:08.824822+00,,f,2,o,N/A,f,,f
656,"",2021-11-15 00:01:08.829154+00,Kuda,"",224,"Bryan, Cameron, Fan","",https://mattermost.team.affirm.com/affirm/pl/wq3tcirmmtng3mbzro9rw1947w,2021-10-21 09:33:00+00,2021-10-21 09:35:00+00,2021-11-15 00:01:08.829165+00,,f,2,o,N/A,f,,f
657,"",2021-11-15 00:01:08.832276+00,Shawn K,documentation,213,Helen Li,documentation,https://mattermost.team.affirm.com/affirm/pl/r6je8cf3af8jfn73h4paozk91y,2021-10-21 09:57:00+00,2021-10-21 10:24:00+00,2021-11-15 00:01:08.832288+00,,f,2,o,N/A,f,,f
658,"",2021-11-15 00:01:08.835416+00,Jacqui,misconfiguration,220,Diana,misconfiguration,https://mattermost.team.affirm.com/affirm/pl/93bd8hpmmtnx9xdcxzr3qqykjc,2021-10-21 10:23:00+00,2021-10-21 10:24:00+00,2021-11-15 00:01:08.835427+00,,f,2,o,N/A,f,,f
659,"",2021-11-15 00:01:08.839922+00,Perla,misconfiguration,225,"Cameron, Fan",misconfiguration,https://mattermost.team.affirm.com/affirm/pl/4koix91pdibpbc5dbqfamw1igh,2021-10-21 13:26:00+00,2021-10-21 13:30:00+00,2021-11-15 00:01:08.839933+00,,f,2,o,N/A,f,,f
660,"",2021-11-15 00:01:08.844232+00,Vicky Liao,misconfiguration,226,da axp daniel,misconfiguration,https://mattermost.team.affirm.com/affirm/pl/x35s7q7pzfyfp8oqcoaonx31ch,2021-10-21 14:52:00+00,2021-10-21 14:54:00+00,2021-11-15 00:01:08.844243+00,,f,2,o,N/A,f,,f
661,"",2021-11-15 00:01:08.849324+00,Tony Cheang,documentation,227,"Cameron, Caren Guo",documentation,https://mattermost.team.affirm.com/affirm/pl/ywkf5zygb7rjdn6cdromksuy4e,2021-10-21 15:35:00+00,2021-10-22 14:55:00+00,2021-11-15 00:01:08.849336+00,,f,2,o,N/A,f,,f
662,"",2021-11-15 00:01:08.85236+00,Oleksandr Filonenko,out-of-space; pruning helped,199,Fan,out-of-space; pruning helped,https://mattermost.team.affirm.com/affirm/pl/fwqydq9bdbbzjkbybta8pxibae,2021-10-22 09:00:00+00,2021-10-22 09:01:00+00,2021-11-15 00:01:08.852388+00,,f,2,o,N/A,f,,f
663,"",2021-11-15 00:01:08.856656+00,Lydia Choi,reboot,228,Diana,reboot,https://mattermost.team.affirm.com/affirm/pl/gg3xxz1h3bf3jxucxduehreo6o,2021-10-22 09:50:00+00,2021-10-22 09:51:00+00,2021-11-15 00:01:08.856667+00,,f,2,o,N/A,f,,f
664,"",2021-11-15 00:01:08.859788+00,Jacqui,"",220,"Cameron, Jacob, Diana","",https://mattermost.team.affirm.com/affirm/pl/df3po1g5eiggtc6x9ky6cd8u9h,2021-10-22 10:30:00+00,2021-10-22 10:34:00+00,2021-11-15 00:01:08.859799+00,,f,2,o,N/A,f,,f
665,"",2021-11-15 00:01:08.864509+00,Jacob Beck,loan mod team,229,Cameron,loan mod team,https://mattermost.team.affirm.com/affirm/pl/4s5fpf8k8tf8jjbcg9ab4swxir,2021-10-22 11:32:00+00,2021-10-22 11:34:00+00,2021-11-15 00:01:08.86452+00,,f,2,o,N/A,f,,f
666,"",2021-11-15 00:01:08.868808+00,Esteban Barboza,odin.stale failure,230,"Cameron, Diana",odin.stale failure,https://mattermost.team.affirm.com/affirm/pl/ez77p4aautnhfkzfh1cmn61qpo,2021-10-25 10:24:00+00,2021-10-25 10:24:00+00,2021-11-15 00:01:08.868819+00,,f,2,o,N/A,f,,f
667,"",2021-11-15 00:01:08.873637+00,Cassie,documentation:  ODIN name,231,Diana,documentation:  ODIN name,https://mattermost.team.affirm.com/affirm/pl/sjwqn47gktn1djiwdudgsp9hya,2021-10-25 11:27:00+00,2021-10-25 11:27:00+00,2021-11-15 00:01:08.873648+00,,f,2,o,N/A,f,,f
668,"",2021-11-15 00:01:08.878466+00,Helen Li,out of scope?,232,"Tyson, Bryan",out of scope?,https://mattermost.team.affirm.com/affirm/pl/u7rwqp4d73ygjeusxk8imdr9ic,2021-10-25 12:27:00+00,2021-10-25 12:33:00+00,2021-11-15 00:01:08.878477+00,,f,2,o,N/A,f,,f
669,"",2021-11-15 00:01:08.883969+00,Elle,operator error?,233,Diana,operator error?,https://mattermost.team.affirm.com/affirm/pl/s1ch38fdsifcbb8d3fuhm8ubbc,2021-10-25 12:27:00+00,2021-10-25 12:27:00+00,2021-11-15 00:01:08.88398+00,,f,2,o,N/A,f,,f
670,"",2021-11-15 00:01:08.888492+00,Fang,Infrastructure,234,Fan,Infrastructure,https://mattermost.team.affirm.com/affirm/pl/wd8gsidwzpru8xsidpaoyojtpe,2021-10-25 15:17:00+00,2021-10-25 15:17:00+00,2021-11-15 00:01:08.888503+00,,f,2,o,N/A,f,,f
671,"",2021-11-15 00:01:08.893245+00,morz,confused DT?,235,Diana,confused DT?,https://mattermost.team.affirm.com/affirm/pl/zjkni996tpd8zx5iaaxtdwk46h,2021-10-26 09:47:00+00,2021-10-26 09:48:00+00,2021-11-15 00:01:08.893257+00,,f,2,o,N/A,f,,f
672,"",2021-11-15 00:01:08.897791+00,morz,salt and rabbitmq,236,"Cameron, Diana",salt and rabbitmq,https://mattermost.team.affirm.com/affirm/pl/1huha7y8ebbwtrbwep8o4s84ko,2021-10-26 14:03:00+00,2021-10-26 14:03:00+00,2021-11-15 00:01:08.897803+00,,f,2,o,N/A,f,,f
673,"",2021-11-15 00:01:08.902025+00,morz,out of scope,237,"Cameron, Fan, Tyson",out of scope,https://mattermost.team.affirm.com/affirm/pl/a6jpoynhutrpipff74ifmep7aa,2021-10-26 14:15:00+00,2021-10-26 14:23:00+00,2021-11-15 00:01:08.902036+00,,f,2,o,N/A,f,,f
674,"",2021-11-15 00:01:08.906713+00,John C.,operator error,238,"Cameron, Fan",operator error,https://mattermost.team.affirm.com/affirm/pl/c3q6gcd1bbdad8sa1ife8oye7y,2021-10-27 11:03:00+00,2021-10-27 11:06:00+00,2021-11-15 00:01:08.906724+00,,f,2,o,N/A,f,,f
675,"",2021-11-15 00:01:08.910848+00,Jonathan Kim,operator error?,239,"Diana, Fan, Cameron",operator error?,https://mattermost.team.affirm.com/affirm/pl/pd94qpujtjnymnd4g667mwqdhy,2021-10-27 13:58:00+00,2021-10-27 13:58:00+00,2021-11-15 00:01:08.91086+00,,f,2,o,N/A,f,,f
676,"",2021-11-15 00:01:08.915303+00,Fang,clears on reset,240,"Cameron, Fan",clears on reset,https://mattermost.team.affirm.com/affirm/pl/6muy79dcztn95pzgdo9514yjbw,2021-10-28 09:47:00+00,2021-10-28 09:48:00+00,2021-11-15 00:01:08.915314+00,,f,2,o,N/A,f,,f
677,"",2021-11-15 00:01:08.920583+00,Rohan Nagalkar,clears on reset,241,Tyson,clears on reset,https://mattermost.team.affirm.com/affirm/pl/umpqgzc7epbnmbpjitfa1cobkw,2021-10-28 11:38:00+00,2021-10-28 11:40:00+00,2021-11-15 00:01:08.920594+00,,f,2,o,N/A,f,,f
678,"",2021-11-15 00:01:08.92562+00,Olivia,various restarts,242,"Bryan, Tyson",various restarts,https://mattermost.team.affirm.com/affirm/pl/cusygcca4j8rtkbbujg79q4sry,2021-10-28 12:09:00+00,2021-10-28 12:17:00+00,2021-11-15 00:01:08.925632+00,,f,2,o,N/A,f,,f
679,"",2021-11-15 00:01:08.928976+00,Shriya,wait,241,Cameron,wait,https://mattermost.team.affirm.com/affirm/pl/gsofuskssjrgix163e1sdft5ya,2021-10-28 14:48:00+00,2021-10-28 14:48:00+00,2021-11-15 00:01:08.928987+00,,f,2,o,N/A,f,,f
680,"",2021-11-15 00:01:08.933278+00,Shriya,reconfigure worker processes,243,"Cameron, Tyson",reconfigure worker processes,https://mattermost.team.affirm.com/affirm/pl/gdqgo4i14i8c3pup7pffcoxq6h,2021-10-28 15:07:00+00,2021-10-28 15:07:00+00,2021-11-15 00:01:08.933289+00,,f,2,o,N/A,f,,f
681,"",2021-11-15 00:01:08.937537+00,Shriya,"""Close Test User"" button",244,"Cameron, Tyson","""Close Test User"" button",https://mattermost.team.affirm.com/affirm/pl/38qniu3aytgymj4b5d3nq69m5a,2021-10-28 15:35:00+00,2021-10-28 15:35:00+00,2021-11-15 00:01:08.937549+00,,f,2,o,N/A,f,,f
682,"",2021-11-15 00:01:08.942264+00,Shriya,reboot,245,Cameron,reboot,https://mattermost.team.affirm.com/affirm/pl/bcfzemdjx3gwmdju3346tie8qe,2021-10-29 05:57:00+00,2021-10-29 06:09:00+00,2021-11-15 00:01:08.942276+00,,f,2,o,N/A,f,,f
683,"",2021-11-15 00:01:08.946535+00,Lingene,"deployment, not us:  redeploy with salt-dev branch",246,"Diana, Bryan, Cameron","deployment, not us:  redeploy with salt-dev branch",https://mattermost.team.affirm.com/affirm/pl/wk8mtrcyofd7irhczds4zybbmw,2021-10-29 10:52:00+00,2021-10-29 10:59:00+00,2021-11-15 00:01:08.946547+00,,f,2,o,N/A,f,,f
684,"",2021-11-15 00:01:08.950709+00,Shriya,worker count,247,Diana,worker count,https://mattermost.team.affirm.com/affirm/pl/3qdxxnu8u3y4jk3ifu8xytshac,2021-10-29 15:25:00+00,2021-10-29 15:25:00+00,2021-11-15 00:01:08.95072+00,,f,2,o,N/A,f,,f
685,"",2021-11-15 00:01:08.954947+00,Stephen Dao,create_transfer,248,"Cameron, Tyson",create_transfer,https://mattermost.team.affirm.com/affirm/pl/oqkm1w145pnwdkf6ystppt5hww,2021-11-01 08:54:00+00,2021-11-01 08:56:00+00,2021-11-15 00:01:08.954958+00,,f,2,o,N/A,f,,f
686,"",2021-11-15 00:01:08.959695+00,Tae,expiration date,249,"Cameron, Tyson",expiration date,https://mattermost.team.affirm.com/affirm/pl/qk6pop817pdz9n56i3498ickuy,2021-11-01 11:46:00+00,2021-11-01 11:48:00+00,2021-11-15 00:01:08.959707+00,,f,2,o,N/A,f,,f
687,"",2021-11-15 00:01:08.963973+00,Paul Pavlish,memory de-congestion,250,Diana,memory de-congestion,https://mattermost.team.affirm.com/affirm/pl/3nxbkiny1bn3bxuuewsepbmdmw,2021-11-01 13:46:00+00,2021-11-01 13:51:00+00,2021-11-15 00:01:08.963985+00,,f,2,o,N/A,f,,f
688,"",2021-11-15 00:01:08.968426+00,Maksym Mykhailenko,"... activate, affirm.seed ...",251,Tyson,"... activate, affirm.seed ...",https://mattermost.team.affirm.com/affirm/pl/19ndh9i4q3r6zyoo1tradd9tpe,2021-11-02 09:08:00+00,2021-11-02 09:12:00+00,2021-11-15 00:01:08.968437+00,,f,2,o,N/A,f,,f
689,"",2021-11-15 00:01:08.971718+00,Ralph,Docker something,199,jordan k,Docker something,https://mattermost.team.affirm.com/affirm/pl/7u3n4zib47di886nu4x6u1btnc,2021-11-02 09:30:00+00,2021-11-02 09:33:00+00,2021-11-15 00:01:08.97173+00,,f,2,o,N/A,f,,f
690,"",2021-11-15 00:01:08.97586+00,Charly Xie,mangled known_host,252,Diana,mangled known_host,https://mattermost.team.affirm.com/affirm/pl/hqhwu6bzwbdepjkw7i45obbq8r,2021-11-02 11:26:00+00,2021-11-02 11:27:00+00,2021-11-15 00:01:08.975872+00,,f,2,o,N/A,f,,f
691,"",2021-11-15 00:01:08.979068+00,andrew,Jenkins transient,199,"Tyson, Fan",Jenkins transient,https://mattermost.team.affirm.com/affirm/pl/35uctxcxffbjpyjepb9ebk5k9r,2021-11-02 12:26:00+00,2021-11-02 12:46:00+00,2021-11-15 00:01:08.979079+00,,f,2,o,N/A,f,,f
692,"",2021-11-15 00:01:08.983188+00,Jeff,address details?,253,Tyson,address details?,https://mattermost.team.affirm.com/affirm/pl/mobma3m3j3n6jmw6rknst8rjma,2021-11-02 13:34:00+00,2021-11-02 13:34:00+00,2021-11-15 00:01:08.983199+00,,f,2,o,N/A,f,,f
693,"",2021-11-15 00:01:08.98775+00,Charly Xie,restart supervisor,254,Diana,restart supervisor,https://mattermost.team.affirm.com/affirm/pl/qwp6dyeha3rk7fehmz7xuo34wc,2021-11-02 13:44:00+00,2021-11-02 13:44:00+00,2021-11-15 00:01:08.987761+00,,f,2,o,N/A,f,,f
694,"",2021-11-15 00:01:08.992069+00,Jeff,app team,255,Tyson,app team,https://mattermost.team.affirm.com/affirm/pl/zrric1t56tnqfehmfkkj98d6ur,2021-11-02 14:19:00+00,2021-11-02 14:19:00+00,2021-11-15 00:01:08.992081+00,,f,2,o,N/A,f,,f
695,"",2021-11-15 00:01:08.996421+00,Andrew Feng,"RabbitMQ resets, salt ...",256,Diana,"RabbitMQ resets, salt ...",https://mattermost.team.affirm.com/affirm/pl/ndgo57cakidw9m4s15bdb6ozzr,2021-11-02 14:37:00+00,2021-11-02 14:37:00+00,2021-11-15 00:01:08.996433+00,,f,2,o,N/A,f,,f
696,"",2021-11-15 00:01:08.999836+00,Paul Pavlish,Celery,220,Bryan,Celery,https://mattermost.team.affirm.com/affirm/pl/4qmcopsd638g3yoy3jy7ya9h4o,2021-11-02 14:56:00+00,2021-11-02 14:56:00+00,2021-11-15 00:01:08.999847+00,,f,2,o,N/A,f,,f
697,"",2021-11-15 00:01:09.004308+00,miguel,application-specific,257,Cameron,application-specific,https://mattermost.team.affirm.com/affirm/pl/ototjnoieid79msdrfiij8nn7o,2021-11-02 19:23:00+00,2021-11-02 19:23:00+00,2021-11-15 00:01:09.00432+00,,f,2,o,N/A,f,,f
698,"",2021-11-15 00:01:09.009359+00,Sambhav Anand,permissions,258,"Cameron, Steve",permissions,https://mattermost.team.affirm.com/affirm/pl/13kmpjrkjjn6uryeooj73xqtko,2021-11-03 08:20:00+00,2021-11-03 08:20:00+00,2021-11-15 00:01:09.009372+00,,f,2,o,N/A,f,,f
699,"",2021-11-15 00:01:09.013958+00,andrew,app team,259,"Cameron, Tyson",app team,https://mattermost.team.affirm.com/affirm/pl/4pzf3tagg3y9zfafh5swxm6h8r,2021-11-03 08:20:00+00,2021-11-03 08:20:00+00,2021-11-15 00:01:09.013969+00,,f,2,o,N/A,f,,f
700,"",2021-11-15 00:01:09.018553+00,Sambhav Anand,"",260,"Cameron, ...","",https://mattermost.team.affirm.com/affirm/pl/eo7k7w8p9j8zipeuxi5oixirrw,2021-11-03 10:14:00+00,2021-11-03 10:14:00+00,2021-11-15 00:01:09.018565+00,,f,2,o,N/A,f,,f
701,"",2021-11-15 00:01:09.023063+00,Charly Xie,RabbitMQ,261,Fan,RabbitMQ,https://mattermost.team.affirm.com/affirm/pl/xrxjd4c6xpnxtnrwn3acuhi8he,2021-11-03 11:39:00+00,2021-11-03 11:41:00+00,2021-11-15 00:01:09.023078+00,,f,2,o,N/A,f,,f
702,"",2021-11-15 00:01:09.026051+00,Charly Xie,restart sevices?,231,"Cameron, Fan",restart sevices?,https://mattermost.team.affirm.com/affirm/pl/ojxd31joityixd93usnhp8asrc,2021-11-03 11:48:00+00,2021-11-03 11:53:00+00,2021-11-15 00:01:09.026062+00,,f,2,o,N/A,f,,f
703,"",2021-11-15 00:01:09.030452+00,Olivia,?,262,"Cameron, Tyson",?,https://mattermost.team.affirm.com/affirm/pl/qqz9hkopbjr35jak5oz636kqxh,2021-11-03 14:26:00+00,2021-11-03 14:27:00+00,2021-11-15 00:01:09.030463+00,,f,2,o,N/A,f,,f
704,"",2021-11-15 00:01:09.034906+00,Andres,"",263,Cameron,"",https://mattermost.team.affirm.com/affirm/pl/xazojp7qg3r97p47mgz4xc868r,2021-11-04 07:46:00+00,2021-11-04 07:46:00+00,2021-11-15 00:01:09.034917+00,,f,2,o,N/A,f,,f
705,"",2021-11-15 00:01:09.039348+00,Oleh Hordiienko,restart services,264,"Cameron, Tyson",restart services,https://mattermost.team.affirm.com/affirm/pl/8e8nxeqrw3ghtrfkmia84e9ukr,2021-11-04 10:22:00+00,2021-11-04 10:22:00+00,2021-11-15 00:01:09.039359+00,,f,2,o,N/A,f,,f
706,"",2021-11-15 00:01:09.043511+00,morz,restart broker,265,Tyson,restart broker,https://mattermost.team.affirm.com/affirm/pl/d7bfnraftbfzbmyguf7e5epgsw,2021-11-04 11:15:00+00,2021-11-04 11:15:00+00,2021-11-15 00:01:09.043522+00,,f,2,o,N/A,f,,f
707,"",2021-11-15 00:01:09.047628+00,Jacob,re-do,266,Tyson,re-do,https://mattermost.team.affirm.com/affirm/pl/5gz7s5juk3dujmnhjdb39qt1ue,2021-11-04 11:16:00+00,2021-11-04 11:16:00+00,2021-11-15 00:01:09.047639+00,,f,2,o,N/A,f,,f
709,"",2021-11-15 00:01:09.054668+00,Jonathan,remove setup.sls,267,Aaron,remove setup.sls,https://mattermost.team.affirm.com/affirm/pl/jmxxcn59sj8qib9xj7wgtewfxe,2021-11-04 14:51:00+00,2021-11-04 15:00:00+00,2021-11-15 00:01:09.054679+00,,f,2,o,N/A,f,,f
710,"",2021-11-15 00:01:09.058969+00,Olivia,"""somewhere in your code""",268,Fan,"""somewhere in your code""",https://mattermost.team.affirm.com/affirm/pl/wjkjea17kpr89p6u7je6ftj8to,2021-11-04 17:33:00+00,2021-11-04 17:33:00+00,2021-11-15 00:01:09.058981+00,,f,2,o,N/A,f,,f
712,"",2021-11-15 00:01:09.065233+00,Jonathan,correct configuration,267,Diana,correct configuration,https://mattermost.team.affirm.com/affirm/pl/wpb336i1fj8xpczqaz5i8j5xdh,2021-11-05 12:36:00+00,2021-11-05 12:36:00+00,2021-11-15 00:01:09.065244+00,,f,2,o,N/A,f,,f
713,"",2021-11-15 00:01:09.069664+00,Sambhav Anand,missing configuration,269,Fan,missing configuration,https://mattermost.team.affirm.com/affirm/pl/9joggxc9kbdc3xypcho5gbeate,2021-11-05 13:03:00+00,2021-11-05 13:03:00+00,2021-11-15 00:01:09.069676+00,,f,2,o,N/A,f,,f
714,"",2021-11-15 00:01:09.074572+00,Mykhailo Yusko,diskspace; worker count; defective source,270,"Matt, Diana, Fan",diskspace; worker count; defective source,https://mattermost.team.affirm.com/affirm/pl/8rbs86xidbnqpfxm1f1491oahy,2021-11-08 04:59:00+00,2021-11-08 04:59:00+00,2021-11-15 00:01:09.074584+00,,f,2,o,N/A,f,,f
715,"",2021-11-15 00:01:09.078249+00,Andres Gonzalez,inspect index.html:  CA-US confusion,263,"Diana, Fan",inspect index.html:  CA-US confusion,https://mattermost.team.affirm.com/affirm/pl/gapfgi88hjg53yg9j896q8riya,2021-11-08 07:08:00+00,2021-11-08 07:08:00+00,2021-11-15 00:01:09.078261+00,,f,2,o,N/A,f,,f
716,"",2021-11-15 00:01:09.082773+00,Sambhav Anand,explanation,271,"Fan, Steve",explanation,https://mattermost.team.affirm.com/affirm/pl/kapjd3umdtfutnjqn3e61widqa,2021-11-08 12:52:00+00,2021-11-08 12:52:00+00,2021-11-15 00:01:09.082784+00,,f,2,o,N/A,f,,f
717,"",2021-11-15 00:01:09.085937+00,Mykhailo Yusko,Amplify script error,269,Fan,Amplify script error,https://mattermost.team.affirm.com/affirm/pl/tbzofyi46fdbpfts6gnxas9toe,2021-11-09 04:38:00+00,2021-11-09 04:38:00+00,2021-11-15 00:01:09.085948+00,,f,2,o,N/A,f,,f
718,"",2021-11-15 00:01:09.090061+00,Oleksandr Filonenko,redeploy,272,"Oleksandr, Tyson",redeploy,https://mattermost.team.affirm.com/affirm/pl/xwi1uix86jdotcrsj3t1sxqdno,2021-11-09 06:47:00+00,2021-11-09 06:47:00+00,2021-11-15 00:01:09.090072+00,,f,2,o,N/A,f,,f
719,"",2021-11-15 00:01:09.09426+00,Dominik,"",273,Tyson,"",https://mattermost.team.affirm.com/affirm/pl/g4x8sfumh3numrur7mttzu4odr,2021-11-09 07:18:00+00,2021-11-09 07:18:00+00,2021-11-15 00:01:09.094272+00,,f,2,o,N/A,f,,f
720,"",2021-11-15 00:01:09.097503+00,Jesse Hedges,irreproducible,272,Tyson,irreproducible,https://mattermost.team.affirm.com/affirm/pl/n1g1n4ax83f3fr49gynn6zoz7y,2021-11-09 07:22:00+00,2021-11-09 07:22:00+00,2021-11-15 00:01:09.097515+00,,f,2,o,N/A,f,,f
721,"",2021-11-15 00:01:09.101617+00,Andrew,explanation,274,Fan,explanation,https://mattermost.team.affirm.com/affirm/pl/xxqmyh9nqbfkbmzfizb4kgd5bh,2021-11-09 07:54:00+00,2021-11-09 07:54:00+00,2021-11-15 00:01:09.101628+00,,f,2,o,N/A,f,,f
722,"",2021-11-15 00:01:09.1058+00,Igor,re-generate,275,Tyson,re-generate,https://mattermost.team.affirm.com/affirm/pl/yxhspmx6fpfa7bk7s5d3r98jhh,2021-11-09 10:20:00+00,2021-11-09 10:20:00+00,2021-11-15 00:01:09.105811+00,,f,2,o,N/A,f,,f
723,"",2021-11-15 00:01:09.110077+00,Jacqui,Did Tyson restart?,276,Tyson,Did Tyson restart?,https://mattermost.team.affirm.com/affirm/pl/obud81whqtfm7yrur4njkoq75r,2021-11-09 10:57:00+00,2021-11-09 10:57:00+00,2021-11-15 00:01:09.110089+00,,f,2,o,N/A,f,,f
724,"",2021-11-15 00:01:09.11451+00,Sambhav Anand,Confluence page,277,"Bryan, Tyson, Diana",Confluence page,https://mattermost.team.affirm.com/affirm/pl/5zr6xk4m7jni5p3oxq3ryu1cde,2021-11-09 14:38:00+00,2021-11-09 14:38:00+00,2021-11-15 00:01:09.114522+00,,f,2,o,N/A,f,,f
725,"",2021-11-15 00:01:09.118749+00,Oleksandr Filonenko,restart (RabbitMQ?),278,Tyson,restart (RabbitMQ?),https://mattermost.team.affirm.com/affirm/pl/jf3syedomtn1mcxrog8axf1zic,2021-11-10 06:52:00+00,2021-11-10 06:52:00+00,2021-11-15 00:01:09.11876+00,,f,2,o,N/A,f,,f
726,"",2021-11-15 00:01:09.122018+00,Oleksandr Filonenko,restart RabbitMQ,278,Oleksandr,restart RabbitMQ,https://mattermost.team.affirm.com/affirm/pl/k9g3ra5g3jfbinssh4eig66nnc,2021-11-11 07:24:00+00,2021-11-11 07:24:00+00,2021-11-15 00:01:09.12203+00,,f,2,o,N/A,f,,f
727,"",2021-11-15 00:01:09.124933+00,Rohit,old,273,"Dominink, Tyson, Steve, Fan, Andrew, Virginia, dliu ooo",old,https://mattermost.team.affirm.com/affirm/pl/ff5wuz1czfyfbj6ddmtdoz7puy,2021-11-11 08:36:00+00,2021-11-11 08:36:00+00,2021-11-15 00:01:09.124945+00,,f,2,o,N/A,f,,f
728,"",2021-11-15 00:01:09.128043+00,Dmytro Oleinichenko,operator error,278,Tyson,operator error,https://mattermost.team.affirm.com/affirm/pl/6by8u33xef8opr63cdp3nixbac,2021-11-12 02:52:00+00,2021-11-12 02:52:00+00,2021-11-15 00:01:09.128055+00,,f,2,o,N/A,f,,f
729,"",2021-11-15 00:01:09.132538+00,Sambhav Anand,read the manual,279,Tyson,read the manual,https://mattermost.team.affirm.com/affirm/pl/g7qhhy1jnbgppn48qajc63y65e,2021-11-12 09:42:00+00,2021-11-12 09:42:00+00,2021-11-15 00:01:09.13255+00,,f,2,o,N/A,f,,f
730,"",2021-11-15 00:01:09.135658+00,Henry,?,278,Cameron,?,https://mattermost.team.affirm.com/affirm/pl/9izbm33413n6bqw7x5wyaxeszh,2021-11-12 18:58:00+00,2021-11-12 18:58:00+00,2021-11-15 00:01:09.13567+00,,f,2,o,N/A,f,,f
708,708,2021-11-15 00:01:09.050614+00,Sambhav Anand,redeploy,265,"Bryan, Fan",redeploy,https://mattermost.team.affirm.com/affirm/pl/inf6qbke3388igxnxhkzb8wgfe,2021-11-04 13:42:00+00,2021-11-04 13:44:00+00,2021-11-15 00:01:09.050625+00,4,f,2,o,N/A,f,what is this?,f
731,731,2021-11-19 19:29:15.186783+00,Mykhailo Yusko,"No, there's no expectation that ODIN runs jobs from `etc_pipelines`.",219,Cameron,No one does this.,https://mattermost.team.affirm.com/affirm/pl/g5zziuttobnr5pwyud9dtnrczr,2021-11-15 07:25:00+00,2021-11-15 07:33:00+00,2021-11-19 19:29:15.1868+00,4,f,2,o,N/A,f,unknown,f
732,732,2021-11-19 19:40:09.545871+00,Oleksandr Filonenko,question,219,Cameron,Ignore the noise.,https://mattermost.team.affirm.com/affirm/pl/938cksnbui8m9mg7eiydcrffyh,2021-11-15 08:20:00+00,2021-11-15 09:21:00+00,2021-11-19 19:40:09.545887+00,4,f,2,o,N/A,f,unknown,f
733,733,2021-11-19 19:44:29.5656+00,Paul Pavlish,"""Is there a migration missing or a reason why referring_url is too long? 
This is happening when I am doing a Prequal flow using the devtools product""

2600-character URL

too many parameters",219,"Bryan, Steve,",Reduce the URL,https://mattermost.team.affirm.com/affirm/pl/wejhbp87dpnhfjfa9gc1wweoxa,2021-11-15 14:26:00+00,2021-11-15 14:34:00+00,2021-11-19 19:44:29.565618+00,4,f,2,o,N/A,f,unknown,f
734,734,2021-11-19 19:47:48.259092+00,Avni,"""getting this rollbar when trying to go through a checkout on direct ...""

""... it looks like a dns error ...""",217,"Cameron, Diana",Redeploy,https://mattermost.team.affirm.com/affirm/pl/6gojiuxorbdw38hqaac6cwksfa,2021-11-16 10:53:00+00,2021-11-16 10:56:00+00,2021-11-19 19:47:48.259108+00,4,f,2,o,N/A,f,unknown,f
735,735,2021-11-19 19:55:43.143091+00,Jacqui,"stage OK, ODIN fails credit check",217,"Steve, Tyson, Fan",Not ODIN.  Identity Eng?,https://mattermost.team.affirm.com/affirm/pl/n49mayya17fednkb3ebubb1qcr,2021-11-16 13:21:00+00,2021-11-16 13:26:00+00,2021-11-19 19:55:43.143108+00,4,f,4,o,N/A,f,unknown,f
736,736,2021-11-19 20:26:43.213597+00,Avni,"""... something is broken on the direct merchant page!""",217,Fan,restart,https://mattermost.team.affirm.com/affirm/pl/3os6zkzpwpyxibahphmqqq18to,2021-11-17 09:12:00+00,2021-11-17 09:24:00+00,2021-11-19 20:26:43.213614+00,4,f,2,o,N/A,f,unknown,f
737,737,2021-11-19 20:32:40.099629+00,Guoxin Li,"""... the RPC calls in ODIN for new DT,  but I get this error OSError: Could not find the TLS certificate file, invalid path: /nail/var/boba-pki-cert.pem ...""",213,"Steve, Diana,",?,https://mattermost.team.affirm.com/affirm/pl/3sd43jy3mjbmty1yi647arpn3r,2021-11-17 11:58:00+00,2021-11-17 11:58:00+00,2021-11-19 20:32:40.099647+00,4,f,3,o,N/A,f,unknown,f
738,738,2021-11-19 20:36:23.34503+00,Olivia,Are all services running?,219,"Bryan, Tyson","""I refreshed the users.sls ...""  Other errors aren't ODIN.  ""... you may need to put service.configure() as a step when querying the DB ...""",https://mattermost.team.affirm.com/affirm/pl/1t6zdqsp3jbpmj1tqupmjjrs6r,2021-11-17 13:54:00+00,2021-11-17 13:56:00+00,2021-11-19 20:36:23.345046+00,4,f,2,o,N/A,f,unknown,f
740,740,2021-11-19 20:55:27.490677+00,Lydia Choi,?,209,"Tyson, Cameron",sudo reboot,https://mattermost.team.affirm.com/affirm/pl/txcqb1jt8jd47perkdnzm5mqcc,2021-11-17 15:22:00+00,2021-11-17 15:43:00+00,2021-11-19 20:55:27.490694+00,4,f,1,o,N/A,f,unknown,f
739,739,2021-11-19 20:45:03.738827+00,Weidong,Frontend exited,219,"Lydia Choi, Tyson, Fan",restart,https://mattermost.team.affirm.com/affirm/pl/9dre5q5ri7dt3ep4qbdstkucwh,2021-11-17 15:22:00+00,2021-11-17 15:22:00+00,2021-11-19 20:45:03.738844+00,4,f,4,o,N/A,f,unknown,f
741,741,2021-11-19 21:00:45.208438+00,Mykhailo Yusko,"""... it looks like your ODIN is working and has the database, but you're thinking there's an issue with your code ...""  doubloon_core",270,"Tyson, Jordan k, Fan",wrap,https://mattermost.team.affirm.com/affirm/pl/fe7xnfr9e78ztdcjtfdi46fiqa,2021-11-18 09:34:00+00,2021-11-18 09:37:00+00,2021-11-19 21:00:45.208453+00,4,f,3,o,N/A,f,unknown,f
742,742,2021-11-19 23:12:18.294996+00,Peter,Usual account name,216,"Cameron, Bobby",Correct account name.,https://mattermost.team.affirm.com/affirm/pl/4i3dcp3pmifjxp55wfu5xhdmqo,2021-11-18 15:52:00+00,2021-11-18 15:56:00+00,2021-11-19 23:12:18.295013+00,4,f,1,o,N/A,f,unknown,f
743,743,2021-11-19 23:14:19.387245+00,Wayne,Recycled,207,"Cameron, Tyson",Update ODIN.,https://mattermost.team.affirm.com/affirm/pl/h9ssyepknf8ejn41p3icts5dgy,2021-11-19 08:51:00+00,2021-11-19 08:56:00+00,2021-11-19 23:14:19.387262+00,4,f,1,o,N/A,f,unknown,f
744,744,2021-11-19 23:16:18.648339+00,Igor Idzikovskyi,Restarts,200,"Cameron, Diana, Tyson",Restart.,https://mattermost.team.affirm.com/affirm/pl/wmrpjoo96bruzroha4cqowha6y,2021-11-19 10:11:00+00,2021-11-19 10:12:00+00,2021-11-19 23:16:18.648356+00,4,f,2,o,N/A,f,unknown,f
745,745,2021-11-19 23:21:06.267265+00,Emily Lo,"""... a way to force build and redeploy a DT to pull fresh from artifactory / requirements ...""",199,"Steve, Fan",Redeploy,https://mattermost.team.affirm.com/affirm/pl/8unb7d8wsfyptd4q8t9rok89ir,2021-11-19 11:37:00+00,2021-11-19 11:42:00+00,2021-11-19 23:21:06.26728+00,4,f,2,o,N/A,f,unknown,f
746,746,2021-11-20 00:37:06.573534+00,Jenny Xin,download library,219,"Cameron, Fan","""i need to bump the version number""",https://mattermost.team.affirm.com/affirm/pl/3wawd5id3igb8rudd4xq39h1ia,2021-11-19 12:17:00+00,2021-11-19 15:48:00+00,2021-11-20 00:37:06.57355+00,4,f,3,o,N/A,f,unknown,f
747,747,2021-11-21 01:21:44.039347+00,Someone,"very long and involved, extending over at least four days",280,"Andrew Danks, Bryan, Steve, Diana, Eric Nelson, Fan","""I think we're done here until Andrew/Infra can investigate more""",https://mattermost.team.affirm.com/affirm/pl/gsxc9h4icpna5gmazdpzr97fjo,2021-11-08 12:05:00+00,2021-11-08 12:28:00+00,2021-11-21 01:21:44.039363+00,4,f,5,b,N/A,f,unknown,f
748,748,2021-11-21 01:28:34.062691+00,Sophia M,"""... bluejay db sync build appears to be hanging ...""",204,"Eric Nelson, Andrew Danks",retry?  mysterious,https://mattermost.team.affirm.com/affirm/pl/19bw1wabx7yqubur54ypsaeaxy,2021-11-11 10:22:00+00,2021-11-11 11:03:00+00,2021-11-21 01:28:34.062707+00,4,f,3,b,N/A,f,unknown,f
749,749,2021-11-21 01:34:56.942846+00,Jeff,"""... du is your best friend ...""",281,"Andrew Danks, Fan, Amruth",Delete a dir,https://mattermost.team.affirm.com/affirm/pl/tg9grb71xtytbk4xy3fsy8w9oa,2021-11-12 10:27:00+00,2021-11-12 10:30:00+00,2021-11-21 01:34:56.942861+00,4,f,3,b,N/A,f,unknown,f
750,750,2021-11-21 01:40:07.6225+00,Vigo,"""... bluejay-angolar ...ssh is timing out, failed build ...""",216,Andrew Fuselier,reboot?,https://mattermost.team.affirm.com/affirm/pl/umk7gkihgtnr8mhhid4w9up4by,2021-11-15 08:21:00+00,2021-11-15 09:02:00+00,2021-11-21 01:40:07.622516+00,4,f,3,b,N/A,f,unknown,f
751,751,2021-11-21 01:44:15.2726+00,Visakh,workaround exists,282,Fan,Read the manual,https://mattermost.team.affirm.com/affirm/pl/tgrkx9ychtrqtm7hbug1rg7jgr,2021-11-15 11:52:00+00,2021-11-15 12:03:00+00,2021-11-21 01:44:15.272615+00,4,f,2,o,N/A,f,unknown,f
752,752,2021-11-21 01:46:49.433221+00,anumat,Most (?) of the traffic was private.,282,"Andrew Fuselier, Fan",Run a command,https://mattermost.team.affirm.com/affirm/pl/mich453xot8fmeye39qk4e8jde,2021-11-15 14:47:00+00,2021-11-15 14:54:00+00,2021-11-21 01:46:49.433237+00,4,f,1,b,N/A,f,unknown,f
754,754,2021-11-21 02:02:15.785862+00,Vigo,"""... something is wrong with supervisord on bluejay-angolar ...""",283,Vigo,Wait.,https://mattermost.team.affirm.com/affirm/pl/faqymjf7tpb1ukgpefhzhdx4zy,2021-11-16 08:19:00+00,2021-11-16 08:29:00+00,2021-11-21 02:02:15.785876+00,4,f,1,b,N/A,f,unknown,f
753,753,2021-11-21 01:51:30.007994+00,Tony,"""Name components may contain ...""",199,Matt Hardcastle,take out the slash,https://mattermost.team.affirm.com/affirm/pl/4tk98z3r77nudn6ddpywnkud4o,2021-11-15 17:29:00+00,2021-11-16 08:58:00+00,2021-11-21 01:51:30.008011+00,4,f,2,o,N/A,f,unknown,f
758,758,2021-11-21 02:25:27.904701+00,Tony,[...],285,Tony,unknown.  He seems to be OK.,https://mattermost.team.affirm.com/affirm/pl/g99t4q5qkb883jgs3myqc7fngw,2021-11-16 16:42:00+00,2021-11-16 18:42:00+00,2021-11-21 02:25:27.904717+00,4,f,2,o,N/A,f,unknown,f
759,759,2021-11-21 02:29:12.685461+00,Monica,"""... 100% use percentage ...""",286,Jonathan Booth,"Kill, prune, ...",https://mattermost.team.affirm.com/affirm/pl/tsb5btoe5irpbrmcoo6r117dba,2021-11-17 04:35:00+00,2021-11-17 05:39:00+00,2021-11-21 02:29:12.685476+00,4,f,2,b,N/A,f,unknown,f
756,756,2021-11-21 02:14:04.072303+00,Jeremy Mittleman,"""Did bluejays lose access to view the prod-snapshot-v16 jobs K8s cluster? I am getting an access denied ...""",282,"Matt Hardcastle, Andrew Fuselier","""... use k9s, lens, or kubectl locally and auth via scc --region us-east-1 --cluster prod-snapshot-v16 ...""",https://mattermost.team.affirm.com/affirm/pl/wz7ni6hkcty9mbh66r9fetiq4e,2021-11-16 14:54:00+00,2021-11-16 15:24:00+00,2021-11-21 02:14:04.072318+00,4,f,3,o,N/A,f,unknown,f
757,757,2021-11-21 02:19:32.166251+00,Ron,unknown,236,Andrew Fuselier,"""... route this to ~Live Batch Infra ...""",https://mattermost.team.affirm.com/affirm/pl/3ybrt4fw7bne8m79ix67xwwsgo,2021-11-16 14:59:00+00,2021-11-17 10:07:00+00,2021-11-21 02:19:32.166266+00,4,f,3,b,N/A,f,unknown,f
762,762,2021-11-21 23:13:09.418671+00,Eileen,"""... the spot instances price for the android nodes is too low ...""",283,"Steve, yuchuan, Matt Hardcastle",Yuchuan adjusts price.,https://mattermost.team.affirm.com/affirm/pl/bioqcqbum3rktjaint5xam7aey,2021-11-16 11:41:00+00,2021-11-16 11:42:00+00,2021-11-21 23:13:09.418686+00,4,f,2,o,N/A,f,unknown,f
760,760,2021-11-21 02:36:50.663713+00,Tony,"""I am following the instructions listed in this confluence page but I am getting a permission error ...""",282,"Matt Hardcastle, Jeremy Mittleman",[error in documentation?],https://mattermost.team.affirm.com/affirm/pl/dwzkopfhkidrzyqgumyy1m7fue,2021-11-18 22:01:00+00,2021-11-19 08:58:00+00,2021-11-21 02:36:50.663729+00,4,f,3,b,N/A,f,unknown,f
761,761,2021-11-21 23:10:04.793377+00,Bryan,vanilla vs. custom,284,yuchuan,Read the documentation,https://mattermost.team.affirm.com/affirm/pl/fk8azmsxtjr9xckh965febz85y,2021-11-16 10:53:00+00,2021-11-16 10:57:00+00,2021-11-21 23:10:04.793393+00,4,f,1,b,N/A,f,unknown,f
755,755,2021-11-21 02:08:52.245986+00,Someone,"""Suggestion for the Welcome to Bluejay documentation page ...""",284,unknown,unknown,https://mattermost.team.affirm.com/affirm/pl/hay6o3zjijgn9pjnfgkw5jogbe,2021-11-16 09:07:00+00,2021-11-21 02:08:27+00,2021-11-21 02:08:52.246001+00,4,f,1,b,N/A,f,unknown,f
766,766,2021-11-21 23:29:59.46772+00,Zhaokun,"403s

""synthesize_fatlogs"" for identity DT",209,"Matt Hardcastle, yuchuan",Revert?,https://mattermost.team.affirm.com/affirm/pl/iwor5i1ur7rk7ba76p7wy1tw5r,2021-11-17 17:16:00+00,2021-11-17 18:13:00+00,2021-11-21 23:29:59.467741+00,4,f,4,k,N/A,f,unknown,f
765,765,2021-11-21 23:26:49.924523+00,Andrew Segavac,"""... we're looking to make it so that we have a buildkite job triggered when tags are updated on the cosmops repo.""",214,"Matt Hardcastle, Steve, yuchuan","""It is as simple as adding a webhook and configuring the pipeline to use it. ...""

idempotency

GitHub Action vs BuildKite

""... you'll want to create another pipeline ...",https://mattermost.team.affirm.com/affirm/pl/wjkb6p8rfbgg5rdmjfc6eyfgto,2021-11-17 13:23:00+00,2021-11-17 13:31:00+00,2021-11-21 23:26:49.924538+00,4,f,2,k,N/A,f,unknown,f
763,763,2021-11-21 23:18:33.057664+00,Aaron Philip,"""... kotlin tests actually use a different way ...""",287,yuchuan,"""... take this to ~Chrono Platform Support ...""",https://mattermost.team.affirm.com/affirm/pl/z1bx9ujsy3835yhrs59twg3ote,2021-11-16 11:53:00+00,2021-11-17 10:07:00+00,2021-11-21 23:18:33.05768+00,4,f,2,k,N/A,f,unknown,f
764,764,2021-11-21 23:21:18.560044+00,Zhaokun,"""... do we need to deploy to some specific DT?""",267,Matt Hardcastle,"""Changes to build-tools are deployed under the meta DT.""",https://mattermost.team.affirm.com/affirm/pl/3pfxmueao7nsbyydj376trx5nw,2021-11-17 10:35:00+00,2021-11-17 10:40:00+00,2021-11-21 23:21:18.56006+00,4,f,2,k,N/A,f,unknown,f
767,767,2021-11-21 23:33:48.809106+00,Peter Amenewolde,duplicate of #766,242,"Matt Hardcastle, yuchuan",reversion,https://mattermost.team.affirm.com/affirm/pl/u9knnj61e7yffd879r7f3ne3qo,2021-11-18 10:07:00+00,2021-11-18 10:35:00+00,2021-11-21 23:33:48.809121+00,4,f,4,k,N/A,f,unknown,f
768,768,2021-11-21 23:36:23.897077+00,Zach,BuildKite for other-than-all-the-things,209,Matt Hardcastle,configuration checkbox,https://mattermost.team.affirm.com/affirm/pl/truhsf4ro3nciksins4biz4iur,2021-11-18 15:05:00+00,2021-11-18 15:19:00+00,2021-11-21 23:36:23.897092+00,4,f,2,k,N/A,f,unknown,f
769,769,2021-11-22 17:58:25.949709+00,Oleksandr Filonenko,"""... Unable to find image 'affirm-base:0.71-monolith_py2' ...""

""... platform.listener.pr doesnt run on the ODIN itself ...""

We're treating it as a transient.",197,"Cameron, Diana, Fan",Redeploy.,https://mattermost.team.affirm.com/affirm/pl/o99y5eqke38gpdwwypz5p65u9w,2021-11-22 08:00:00+00,2021-11-22 08:42:00+00,2021-11-22 17:58:25.949724+00,4,f,3,o,N/A,f,unknown,f
770,770,2021-11-22 18:01:05.934646+00,Ben Richards,out-of-space,281,Jonathan Booth,read the documentation,https://mattermost.team.affirm.com/affirm/pl/rtzodotdjirfjjuwk6ongad11a,2021-11-22 07:48:00+00,2021-11-22 07:53:00+00,2021-11-22 18:01:05.934664+00,4,f,1,b,N/A,f,unknown,f
771,771,2021-11-22 18:04:55.948322+00,Tony,"""... safe to assume that bluejays do not have proper permissions to access the prod-snapshot-v16 EKS cluster?""",282,Jeremy Mittleman,"""... connect locally""",https://mattermost.team.affirm.com/affirm/pl/do5qg9aj1tyxxq8xyemojbwuoe,2021-11-22 09:30:00+00,2021-11-22 09:31:00+00,2021-11-22 18:04:55.948339+00,4,f,2,o,N/A,f,unknown,f
772,772,2021-11-22 19:45:20.377004+00,Peter Amenewolde,status 500,283,"Bryan, Steve, jianpu",retry,https://mattermost.team.affirm.com/affirm/pl/863afkaaity1xgcto9rg6tsmwr,2021-11-22 11:33:00+00,2021-11-22 11:36:00+00,2021-11-22 19:45:20.37702+00,4,f,2,k,N/A,f,unknown,f
773,773,2021-11-22 20:22:19.449524+00,Ron,stall,209,"Cameron, Steve, Diana, Hilton",Christopher removed the lock.,https://mattermost.team.affirm.com/affirm/pl/5yqhpgxq3trjbbqnxd5ig4e8py,2021-11-22 12:09:00+00,2021-11-22 12:19:00+00,2021-11-22 20:22:19.449541+00,4,f,3,b,N/A,f,unknown,f
774,774,2021-11-22 23:31:52.010355+00,Tony,IAM,282,Steve,"redirect, first to No Dumb Questions",https://mattermost.team.affirm.com/affirm/pl/94huciu6x3gbzgftacgkd3k44r,2021-11-22 13:53:00+00,2021-11-22 13:55:00+00,2021-11-22 23:31:52.010371+00,4,f,3,b,N/A,f,unknown,f
775,775,2021-11-26 16:55:23.141074+00,Isabelle,"""I've been struggling to get bluejay-angolar deployed on my branch.""",278,Fan,Read the log.,https://mattermost.team.affirm.com/affirm/pl/q7hqnyuwrjgffmmwqozwmz9kph,2021-11-24 12:12:00+00,2021-11-24 12:16:00+00,2021-11-26 16:55:23.141091+00,4,f,2,o,N/A,f,unknown,f
777,777,2021-11-26 17:18:35.872018+00,Jacqui,restoration from insync backup,273,"Diana, Steve",unknown,https://mattermost.team.affirm.com/affirm/pl/z8s6s7bcnpnn8gs6p7j73hdhnr,2021-11-23 09:00:00+00,2021-11-23 09:02:00+00,2021-11-26 17:18:35.872034+00,4,f,4,o,N/A,f,unknown,f
779,779,2021-11-26 17:24:19.069189+00,Olivia,refresh users,209,Tyson,read documentation,https://mattermost.team.affirm.com/affirm/pl/rbkepimzeiyy9d3zkpmzoqjkdh,2021-11-23 13:53:00+00,2021-11-23 13:56:00+00,2021-11-26 17:24:19.069205+00,4,f,1,o,N/A,f,unknown,f
783,783,2021-11-26 18:00:58.256596+00,Zach,Artifactory access,216,"Cameron, Hilton",unknown,https://mattermost.team.affirm.com/affirm/pl/yy176ddtiibr9bswbg8ztsuoiy,2021-11-26 09:38:00+00,2021-11-26 09:53:00+00,2021-11-26 18:00:58.256614+00,4,f,3,k,N/A,f,unknown,f
778,778,2021-11-26 17:22:08.31777+00,Prachi Khandekar,"""... it looks like there's an error at the underwriting_decision_v6 endpoint.""",220,"Tyson, Steve, Fan","unknown

""Checkout On Call""

fix hasn't been deployed yet.  Maybe redeploy and restart.",https://mattermost.team.affirm.com/affirm/pl/49dxtn384brjbfzej439t4mjyr,2021-11-23 12:02:00+00,2021-11-23 12:05:00+00,2021-11-26 17:22:08.317785+00,4,f,4,o,N/A,f,unknown,f
786,786,2021-11-26 23:58:28.1516+00,Nathan Wu,Breakdown in git?,209,"Cameron, Steve, chilton","""probably someone has mucked up the git repo by deleting tags/references. I'm seeing if I can clean up that coordinator""",https://mattermost.team.affirm.com/affirm/pl/1b59osxz8inimfxrptuhea4gny,2021-11-26 15:06:00+00,2021-11-26 15:11:00+00,2021-11-26 23:58:28.151616+00,4,f,4,k,N/A,f,unknown,f
780,780,2021-11-26 17:30:53.381376+00,RT,unknown,273,"Diana, Fan, Steve",clean clobbered keys,https://mattermost.team.affirm.com/affirm/pl/duk7ab7u4bdi3dzyn99tosdaka,2021-11-23 14:22:00+00,2021-11-23 14:22:00+00,2021-11-26 17:30:53.381392+00,4,f,3,o,N/A,f,unknown,f
781,781,2021-11-26 17:48:02.961375+00,Alex Youngman,"""... ODIN I can't ssh into ...""",216,"Diana, Bobby",various,https://mattermost.team.affirm.com/affirm/pl/cs4b3477apy48x8ofdypooboje,2021-11-24 09:56:00+00,2021-11-24 09:58:00+00,2021-11-26 17:48:02.961391+00,4,f,3,o,N/A,f,unknown,f
782,782,2021-11-26 17:51:35.885767+00,Jacob,"""... the hackerone ODIN is failing odin.thor for what looks like a certificate issue ...""",209,Bryan,Infra,https://mattermost.team.affirm.com/affirm/pl/b7amge967j8mpxpduxxy5fgm4h,2021-11-25 13:48:00+00,2021-11-25 14:00:00+00,2021-11-26 17:51:35.885783+00,4,f,2,o,N/A,f,unknown,f
784,784,2021-11-26 18:06:19.811158+00,Bo,"""... keep getting this access denied error, although I have already added myself to salt ...""

First Bluejay attempt.",246,"Bryan, Andrew Fuselier",unknown,https://mattermost.team.affirm.com/affirm/pl/86yeainbxtg8xgjj1dop4y66nr,2021-11-26 09:55:00+00,2021-11-26 10:21:00+00,2021-11-26 18:06:19.811175+00,4,f,3,b,N/A,f,unknown,f
785,785,2021-11-26 18:54:27.990893+00,Ron,"""... not authorized ...""",282,Andrew Fuselier,Succeeded on retry.,https://mattermost.team.affirm.com/affirm/pl/ynyyaojxypf1zmqonhnkf45g5o,2021-11-17 09:37:00+00,2021-11-17 10:07:00+00,2021-11-26 18:54:27.99091+00,4,f,2,b,N/A,f,unknown,f
787,787,2021-11-27 19:40:06.880284+00,Candace,"""... it's giving me KeyError: 'docker_repo' ...""",209,Cameron,unknown,https://mattermost.team.affirm.com/affirm/pl/73tnku9edfr8t847ggqki4uhzo,2021-11-26 17:20:00+00,2021-11-26 17:27:00+00,2021-11-27 19:40:06.880302+00,4,f,3,o,N/A,f,unknown,f
776,776,2021-11-26 16:58:55.179994+00,candace,"""i waited for 2 hours ...""",278,"Cameron, Steve, yuchuan",unknown,https://mattermost.team.affirm.com/affirm/pl/xmyke1qirjft3ejqf16j7eudby,2021-11-24 16:06:00+00,2021-11-26 03:23:00+00,2021-11-26 16:58:55.18001+00,4,f,5,b,N/A,f,unknown,f
791,791,2021-11-30 00:47:43.326073+00,RT,Mordor,199,"RT, Diana",rebuild?,https://mattermost.team.affirm.com/affirm/pl/g9phw7jf57fgdxxjuqkooaofyh,2021-11-30 11:08:00+00,2021-11-30 12:47:00+00,2021-11-30 00:47:43.326089+00,4,f,2,o,N/A,f,unknown,f
788,788,2021-11-29 16:11:34.202742+00,Eugene Eydlin,"""... I'm having trouble starting celery workers ...""",200,Cameron,repeated restarts,https://mattermost.team.affirm.com/affirm/pl/w9ag8ajp8tnkbkob116okxtbqy,2021-11-29 05:58:00+00,2021-11-29 06:12:00+00,2021-11-29 16:11:34.202759+00,4,f,2,o,N/A,f,unknown,f
789,789,2021-11-29 17:28:08.449298+00,Jeremy Mittleman,errors,199,"Cameron, Nithin, Candace, Andrew Fuselier","""some crap on the coordinator""

container workaround",https://mattermost.team.affirm.com/affirm/pl/7zjcr8pejjf9tr3n45euq7udgh,2021-11-29 08:49:00+00,2021-11-29 08:51:00+00,2021-11-29 17:28:08.449314+00,4,f,4,b,N/A,f,unknown,f
790,790,2021-11-29 17:30:14.256841+00,Elle,"""While trying to access mordor on odin ...""

Build error overnight.",222,"Cameron, Diana",rebuild.  repeatedly.  ?,https://mattermost.team.affirm.com/affirm/pl/9ff3i119wtdzbjfsskth8q4tdr,2021-11-29 09:19:00+00,2021-11-29 09:24:00+00,2021-11-29 17:30:14.256858+00,4,f,5,o,N/A,f,unknown,f
792,792,2021-11-30 01:17:53.833199+00,Natalia Ellinikos,[resolved privately],199,Cameron,Wait.  Rebuild.,https://mattermost.team.affirm.com/affirm/pl/5hk6tyu5x7f4upz5iiotd59fhh,2021-11-29 12:36:00+00,2021-11-30 17:14:00+00,2021-11-30 01:17:53.833215+00,4,f,3,b,N/A,f,unknown,f
820,820,2021-12-03 23:25:52.543832+00,Jenny Xue,"""... 18 hours ...""",230,"Cameron, Andrew Fuselier",retry,https://mattermost.team.affirm.com/affirm/pl/9ud6yz5chtrdjp5fhwseku8r9h,2021-12-03 09:28:00+00,2021-12-03 09:40:00+00,2021-12-03 23:25:52.543851+00,4,f,3,b,N/A,f,unknown,f
794,794,2021-11-30 18:19:03.497479+00,Eugene Eydlin,"""... all workers are down and not restarting ...""",209,"Cameron, Tyson",Restart Rabbit.,https://mattermost.team.affirm.com/affirm/pl/carii6nk3irimerfc5wmfb4f6e,2021-11-30 08:32:00+00,2021-11-30 08:46:00+00,2021-11-30 18:19:03.497494+00,4,f,3,o,N/A,f,unknown,f
795,795,2021-11-30 18:33:32.962044+00,Visakh,"""... trying to use odin.redeploy to deploy a monolith feature branch, but it keeps failing ...""

New user.",199,"Cameron, Steve, Diana,",fresh start,https://mattermost.team.affirm.com/affirm/pl/461ck69eutnubcacekyikj4g6w,2021-11-30 08:46:00+00,2021-11-30 10:16:00+00,2021-11-30 18:33:32.962061+00,4,f,3,o,N/A,f,unknown,f
793,793,2021-11-30 18:13:44.388529+00,Eric Nelson,"""... how to grant SELECT INTO OUTFILE S3 permissions to the bluejay?""",282,"Cameron, Tony, Amruth","https://jira.team.affirm.com/servicedesk/customer/portal/3/PHELPS-906

""... a good feature request that the devtools team should be able to track/prioritize ...""",https://mattermost.team.affirm.com/affirm/pl/1pfuyedqdigjz8tgfy96the1so,2021-11-30 08:54:00+00,2021-11-30 08:56:00+00,2021-11-30 18:13:44.388543+00,4,f,4,b,N/A,f,unknown,f
796,796,2021-11-30 21:42:53.618387+00,Esteban Barboza,"... just created ...

No DTs?",222,Diana,"Name the ODIN build, because it's required.",https://mattermost.team.affirm.com/affirm/pl/bjs1ay1ijbnpzq8jcjqx8c4x7y,2021-11-30 13:33:00+00,2021-11-30 13:34:00+00,2021-11-30 21:42:53.618403+00,4,f,3,o,N/A,f,unknown,f
810,810,2021-12-03 00:31:44.189813+00,Jacob Beck,"""... 404 trying to load AXP on an ODIN that I got yesterday and woke up today ...""",245,Diana,Globalize?,https://mattermost.team.affirm.com/affirm/pl/fdmzx95aupbipfnrgs6tzrdpbe,2021-12-01 09:31:00+00,2021-12-01 09:32:00+00,2021-12-03 00:31:44.18983+00,4,f,4,o,N/A,f,unknown,f
798,798,2021-12-01 21:24:58.38326+00,Natalia Ellinikos,"""... (AccessDeniedException) when calling the RunTask operation ...""",282,Diana,escalation,https://mattermost.team.affirm.com/affirm/pl/8wgsfgsbm3ya7kopt6gencm19o,2021-12-01 08:13:00+00,2021-12-01 09:06:00+00,2021-12-01 21:24:58.383278+00,4,f,4,b,N/A,f,unknown,f
811,811,2021-12-03 00:34:49.801598+00,Rohit Shrishrimal,DNS error,216,"Diana,","Give up.

That is, create a new ODIN.",https://mattermost.team.affirm.com/affirm/pl/xjpfe6jfp3gbibeo17uomws93h,2021-12-01 09:33:00+00,2021-12-01 09:34:00+00,2021-12-03 00:34:49.801616+00,4,f,4,o,N/A,f,unknown,f
799,799,2021-12-01 21:45:32.92909+00,John Reyes,"""... bluejays running out of space really quickly because of installing Airflow ...""",281,"Diana, Jonathan Booth",/data/docker,https://mattermost.team.affirm.com/affirm/pl/q5c5sx3y4t8p7j3bqy6rp61t8o,2021-12-01 11:11:00+00,2021-12-01 11:13:00+00,2021-12-01 21:45:32.929106+00,4,f,2,b,N/A,f,unknown,f
800,800,2021-12-01 22:24:11.072575+00,Zhaokun,"""... add both risk-validation/identity/fatlogs* and risk-validation/identity/results* to unblock ...""",209,yuchuan,modify as requested,https://mattermost.team.affirm.com/affirm/pl/bmwfx6ccx3y9mfpr4owgjs74qo,2021-12-01 13:49:00+00,2021-12-01 13:59:00+00,2021-12-01 22:24:11.072593+00,4,f,2,k,N/A,f,unknown,f
797,797,2021-12-01 15:43:15.748439+00,Natalia Ellinikos,Missing /dt_entrypoint,209,"Cameron, Diana, Andrew Fuselier","escalation to DT team which can correct spelling of ""...pyspark3""",https://mattermost.team.affirm.com/affirm/pl/bp46cahmrjrjzfz73d5tk9fpuo,2021-12-01 07:23:00+00,2021-12-01 07:28:00+00,2021-12-01 15:43:15.748456+00,4,f,3,b,N/A,f,unknown,f
802,802,2021-12-02 23:40:28.30053+00,Oleksandr Filonenko,"""... lots of tests ... have been waiting for 1 hour ...""",228,chilton,"""it's just a backed up queue.""",https://mattermost.team.affirm.com/affirm/pl/d3cfs6isitdkieb4i6isna6hmy,2021-12-02 10:53:00+00,2021-12-02 10:55:00+00,2021-12-02 23:40:28.300547+00,4,f,2,k,N/A,f,unknown,f
803,803,2021-12-02 23:52:28.089232+00,Nathan Wu,"""... failing after many retries ...""",209,Cameron,rebase and rerun?,https://mattermost.team.affirm.com/affirm/pl/5937fi35m7rqdrkrcfianfdmxo,2021-12-02 10:58:00+00,2021-12-02 15:44:00+00,2021-12-02 23:52:28.089249+00,4,f,4,k,N/A,f,unknown,f
804,804,2021-12-02 23:54:37.63064+00,Chad Ellis,1:43 delay,230,"Oleksandr Filonenko, chilton",Do *not* restart.,https://mattermost.team.affirm.com/affirm/pl/cxw9ftcmotr4uf993ciystdyue,2021-12-02 11:28:00+00,2021-12-02 11:29:00+00,2021-12-02 23:54:37.630658+00,4,f,3,k,N/A,f,unknown,f
801,801,2021-12-02 23:37:37.479206+00,Veronica,"""... I'm not sure where to find the tag to kick off the prod deploy ...""",199,"Cameron, yuchuan","yuchuan ""... kicked it off manually"".

Veronica ""... cancelled and clicked New Build.""",https://mattermost.team.affirm.com/affirm/pl/cjophxwg7byzf84zyf3nnmgj4r,2021-12-02 10:02:00+00,2021-12-02 10:11:00+00,2021-12-02 23:37:37.479225+00,4,f,3,k,N/A,f,unknown,f
805,805,2021-12-02 23:57:41.857148+00,Dhaivat,Slow.,230,Andrew Fuselier,Wait.,https://mattermost.team.affirm.com/affirm/pl/fgiohi99ztdu8chtf89uwe5pby,2021-12-02 14:00:00+00,2021-12-02 14:04:00+00,2021-12-02 23:57:41.857165+00,4,f,3,k,N/A,f,unknown,f
807,807,2021-12-03 00:16:33.471955+00,John Reyes,Does Bluejay with Airflow fill up disks with logs?,281,Cameron,unknown,https://mattermost.team.affirm.com/affirm/pl/61oycpodcinujyu9yu1bsdyicy,2021-12-02 08:03:00+00,2021-12-02 08:59:00+00,2021-12-03 00:16:33.471972+00,4,f,3,b,N/A,f,unknown,f
808,808,2021-12-03 00:25:24.517213+00,Joshua Chua,"""... stuck ...""",222,"Esteban Barboza, Diana","""... name your odin ...""",https://mattermost.team.affirm.com/affirm/pl/wcx1gy1fptrqdj57rq9ax4d4qo,2021-12-01 07:52:00+00,2021-12-01 08:57:00+00,2021-12-03 00:25:24.517231+00,4,f,2,o,N/A,f,unknown,f
809,809,2021-12-03 00:28:32.137551+00,Jacqui,... users.sls ... can't ssh to ODIN ...,216,"Diana, Steve",re-key,https://mattermost.team.affirm.com/affirm/pl/zq91tpr4ttyp7xf9rqsrtcc9sc,2021-12-01 09:31:00+00,2021-12-01 09:32:00+00,2021-12-03 00:28:32.137568+00,4,f,2,o,N/A,f,unknown,f
812,812,2021-12-03 00:41:43.144167+00,Kevin Kong,"""... git fetch ...""",216,Tyson,"""... ssh-add ...""",https://mattermost.team.affirm.com/affirm/pl/afz619m64pdoj8ky7m9zwufqar,2021-12-01 10:16:00+00,2021-12-01 10:16:00+00,2021-12-03 00:41:43.144185+00,4,f,2,o,N/A,f,unknown,f
813,813,2021-12-03 00:44:57.235617+00,Jacqui,"""... ssh into shopify-aov-test ...""",216,"Diana, Steve",Salt update,https://mattermost.team.affirm.com/affirm/pl/xmuowni7pbff9gi61bn9sknbah,2021-12-01 11:11:00+00,2021-12-01 11:12:00+00,2021-12-03 00:44:57.235633+00,4,f,3,o,N/A,f,unknown,f
815,815,2021-12-03 00:51:33.543785+00,Kevin Kong,[complicated],209,"Oleh Hordiienko, Diana","""... alembic update on merchants ...""",https://mattermost.team.affirm.com/affirm/pl/fkdx4xcu73nufpzut71m6j4pre,2021-12-02 08:27:00+00,2021-12-02 08:33:00+00,2021-12-03 00:51:33.543802+00,4,f,3,o,N/A,f,unknown,f
814,814,2021-12-03 00:48:34.33662+00,Maksym Mykhailenko,"""... build ODIN with branch ...""",209,Cameron,"correct ""syntax error in config during DB installation""",https://mattermost.team.affirm.com/affirm/pl/eum9tfq4tbnj88y89rc8jmmyhw,2021-12-02 07:27:00+00,2021-12-02 08:56:00+00,2021-12-03 00:48:34.336637+00,4,f,4,o,N/A,f,unknown,f
816,816,2021-12-03 13:16:04.068455+00,Mo Tarbin,git fetch,216,"Cameron, Tyson, Steve",ssh-add,https://mattermost.team.affirm.com/affirm/pl/ipbu3qj3tjfyzj7sxgfpjber9y,2021-12-02 12:25:00+00,2021-12-02 12:28:00+00,2021-12-03 13:16:04.068473+00,4,f,2,o,N/A,f,unknown,f
806,806,2021-12-03 00:03:53.191992+00,Sid Kapur,"""Why is the variance so high ...?""",284,Cameron,LOTS of reasons.  CL suggests choices Sid can make.,https://mattermost.team.affirm.com/affirm/pl/18rdao9kjprotpwc7mxcb8mtwy,2021-12-02 14:13:00+00,2021-12-02 15:50:00+00,2021-12-03 00:03:53.192009+00,4,f,3,k,N/A,f,unknown,f
817,817,2021-12-03 23:09:34.335636+00,Visakh,/opt/code/frontend or /opt/code/monolith,284,"Chris R, Steve","Both.

Read the filesystem",https://mattermost.team.affirm.com/affirm/pl/k8964t1w9jrpdpnru5134m447h,2021-12-03 09:38:00+00,2021-12-03 09:39:00+00,2021-12-03 23:09:34.335654+00,4,f,1,o,N/A,f,unknown,f
818,818,2021-12-03 23:11:53.536442+00,Dmytro Oleinichenko,failed deploy,209,"Cameron, Steve",corrected itself,https://mattermost.team.affirm.com/affirm/pl/qphcg1bpbj8g9pu8f9c5b7hq6r,2021-12-03 10:25:00+00,2021-12-03 10:29:00+00,2021-12-03 23:11:53.53646+00,4,f,2,o,N/A,f,unknown,f
819,819,2021-12-03 23:15:29.923847+00,Oleksandr Filonenko,no-can-ssh,216,"Diana, Tyson",Replace recycled ODIN,https://mattermost.team.affirm.com/affirm/pl/msrwpe4gujbsbbpagshqm76iuy,2021-12-03 10:33:00+00,2021-12-03 10:47:00+00,2021-12-03 23:15:29.923865+00,4,f,2,o,N/A,f,unknown,f
821,821,2021-12-04 00:11:59.670608+00,Charly Xie,"""... sandbox prod schema migrations are taking forever ...""",230,"Cameron, Steve",unknown,https://mattermost.team.affirm.com/affirm/pl/qb46yqshxfb6x8kqkufisop8ay,2021-12-03 15:53:00+00,2021-12-03 15:59:00+00,2021-12-04 00:11:59.670625+00,4,f,4,k,N/A,f,unknown,f
822,822,2021-12-04 00:14:34.694637+00,Tony,"""can't we just request to increase the volume size?""",281,Cameron,unknown,https://mattermost.team.affirm.com/affirm/pl/fon5n8nmbjfnj8zxmpfurz8b9r,2021-12-03 16:00:00+00,2021-12-03 16:08:00+00,2021-12-04 00:14:34.694653+00,4,f,4,b,N/A,f,unknown,f
823,823,2021-12-06 15:47:46.150588+00,Andres Gonzalez,CRM doesn't deploy (?),196,Cameron,unknown,https://mattermost.team.affirm.com/affirm/pl/bh5m8xtw4pg97ysf8dw6kyn6rc,2021-12-06 05:13:00+00,2021-12-06 05:13:00+00,2021-12-06 15:47:46.150605+00,4,f,4,b,N/A,f,unknown,f
824,824,2021-12-06 22:55:40.695786+00,Peter Amenewolde,"""... issues ...""",209,Diana,unknown,https://mattermost.team.affirm.com/affirm/pl/qamccw8hdinhb8ad61yfmws1ry,2021-12-06 13:05:00+00,2021-12-06 13:07:00+00,2021-12-06 22:55:40.695803+00,4,f,1,o,N/A,f,unknown,f
826,826,2021-12-06 23:08:31.828836+00,Nathan Wu,"""flaky tests""",283,"Cameron, yuchuan, Steve, Bryan",race condition?  Merge queue?,https://mattermost.team.affirm.com/affirm/pl/hjtoct51d7f3zdybgcpo181rwc,2021-12-06 09:55:00+00,2021-12-06 09:55:00+00,2021-12-06 23:08:31.828854+00,4,f,3,k,N/A,f,unknown,f
825,825,2021-12-06 23:00:27.822053+00,Sid Kapur,mistaken report,209,"Cameron, yuchuan, Bryan","yuchuan ""... raise[s] this to the Buildkite team ...""",https://mattermost.team.affirm.com/affirm/pl/9u719ks38int5cmhtbazmtehwy,2021-12-06 04:25:00+00,2021-12-06 04:25:00+00,2021-12-06 23:00:27.822071+00,4,f,3,k,N/A,f,unknown,f
827,827,2021-12-06 23:14:19.767515+00,hugues,"""... very slow ECR upload ...""",288,"yuchuan, Bryan",unknown,https://mattermost.team.affirm.com/affirm/pl/azdhx88yz7rebnx8ynz13hdhtc,2021-12-06 12:03:00+00,2021-12-06 12:03:00+00,2021-12-06 23:14:19.767534+00,4,f,2,k,N/A,f,unknown,f
828,828,2021-12-06 23:17:08.226384+00,barely,test timeout,289,"Bryan, Steve",more time,https://mattermost.team.affirm.com/affirm/pl/j4jq3jkribgu5nqq1oq3ipexzc,2021-12-06 12:41:00+00,2021-12-06 12:41:00+00,2021-12-06 23:17:08.226403+00,4,f,2,k,N/A,f,unknown,f
829,829,2021-12-07 00:17:42.070872+00,Matt Krapivner,"""... timed out, but passing ...""",209,Bryan,rerun,https://mattermost.team.affirm.com/affirm/pl/p3ak68iajfnr3fh1mpbbdek7zh,2021-12-06 14:09:00+00,2021-12-06 14:10:00+00,2021-12-07 00:17:42.070891+00,4,f,2,k,N/A,f,unknown,f
830,830,2021-12-07 00:21:17.932239+00,Matthew Kang,Test failures prevent code changes,289,Steve,poorly resolved,https://mattermost.team.affirm.com/affirm/pl/c96tptjp13ng3jz9baw3cwf8qw,2021-12-06 15:41:00+00,2021-12-06 15:43:00+00,2021-12-07 00:21:17.932256+00,4,f,2,k,N/A,f,unknown,f
831,831,2021-12-07 00:24:05.123661+00,Tony,Relates to Airflow.,281,Cameron,Implement sweeper,https://mattermost.team.affirm.com/affirm/pl/pkxgsgzzqjymfdrkb4i4ktxmnc,2021-12-06 10:16:00+00,2021-12-06 10:16:00+00,2021-12-07 00:24:05.123679+00,4,f,2,b,N/A,f,unknown,f
832,832,2021-12-07 00:26:17.857701+00,Monica,"""Unable to find bluejay ...""",209,"Diana, Fan",Make space,https://mattermost.team.affirm.com/affirm/pl/sh6isdnujbfj7e6m6mdjidiadw,2021-12-06 11:49:00+00,2021-12-06 11:50:00+00,2021-12-07 00:26:17.857727+00,4,f,2,b,N/A,f,unknown,f
833,833,2021-12-07 00:29:59.391034+00,Tony,bluejay-angolar,280,"Steve, Fan",Reboot the machine.,https://mattermost.team.affirm.com/affirm/pl/6gcr7zxypfdfxkeroffs43xzia,2021-12-06 15:48:00+00,2021-12-06 15:49:00+00,2021-12-07 00:29:59.391051+00,4,f,2,b,N/A,f,unknown,f
834,834,2021-12-07 16:50:02.471013+00,Sambhav Anand,"""... my ODIN redeploy job is failing ...""",209,"Diana, Cameron",Wait for AWS recovery.,https://mattermost.team.affirm.com/affirm/pl/9yo8469qe7yo9rdxautf7deh1y,2021-12-07 08:18:00+00,2021-12-07 08:18:00+00,2021-12-07 16:50:02.47103+00,4,f,2,o,N/A,f,unknown,f
835,835,2021-12-07 16:51:26.050455+00,Igor,"""... odins seems to be failing ...""",209,"Diana, Cameron",Wait for AWS.,https://mattermost.team.affirm.com/affirm/pl/xubxoq7kqfg7tegicnbeh8kuzw,2021-12-07 08:20:00+00,2021-12-07 08:21:00+00,2021-12-07 16:51:26.050472+00,4,f,2,o,N/A,f,unknown,f
836,836,2021-12-07 16:55:29.064886+00,Sul,"""... DT image build error ...""",209,"Matt Thoreson, Cameron, payton",Wait for AWS.,https://mattermost.team.affirm.com/affirm/pl/oycgu7t3o7dfbqc7ouwbfmndxr,2021-12-07 08:11:00+00,2021-12-07 08:15:00+00,2021-12-07 16:55:29.064903+00,4,f,2,k,N/A,f,unknown,f
837,837,2021-12-08 11:52:40.339105+00,Peter Amenewolde,"""Odin wake up keeps failing""",209,Diana,retry,https://mattermost.team.affirm.com/affirm/pl/5az6kjahb3fodge6kjsc3ox11a,2021-12-07 09:32:00+00,2021-12-07 09:34:00+00,2021-12-08 11:52:40.339121+00,4,f,2,o,N/A,f,unknown,f
838,838,2021-12-08 11:55:27.249214+00,lydia,"""looks like odin.get is broken""",209,"Diana, Cameron, Fan",Wait for AWS.,https://mattermost.team.affirm.com/affirm/pl/u48z8p3dcpfspbw6qq1prcd7eh,2021-12-07 10:03:00+00,2021-12-07 10:04:00+00,2021-12-08 11:55:27.24923+00,4,f,2,o,N/A,f,unknown,f
839,839,2021-12-08 12:07:59.546439+00,Yun-Chieh Sung,"""Only works with the Celery or Kubernetes executors ..."" reported on bluejay-drachma",209,"Cameron, Madeline, Andrew Danks","""... 'toggled on' did solve my issues ...""",https://mattermost.team.affirm.com/affirm/pl/sn16g9o7qjr6zjtoj3ypfgwg8r,2021-12-07 09:16:00+00,2021-12-07 09:18:00+00,2021-12-08 12:07:59.546454+00,4,f,3,b,N/A,f,unknown,f
841,841,2021-12-08 12:17:35.033446+00,Eric Nelson,test flakiness,209,"Cameron, yuchuan, Steve, Matt Hardcastle",It's OK to force a deploy.,https://mattermost.team.affirm.com/affirm/pl/6ruicc5qkfds9845j7apaf1d7e,2021-12-07 11:24:00+00,2021-12-07 11:25:00+00,2021-12-08 12:17:35.03346+00,4,f,5,k,N/A,f,unknown,f
842,842,2021-12-08 12:20:23.502267+00,Olivia,behave test flakiness,209,Steve,Wait for AWS,Steve,2021-12-07 12:57:00+00,2021-12-07 12:57:00+00,2021-12-08 12:20:23.502283+00,4,f,2,k,N/A,f,unknown,f
843,843,2021-12-08 12:23:37.421375+00,Noah Goetz,Can we configure the timeout?,231,"Cameron, yuchuan",https://mattermost.team.affirm.com/affirm/pl/9cty7ru7ktrrbb4pbfz6q86fta,https://mattermost.team.affirm.com/affirm/pl/cm9euwqgtfyjukaqhkwokqti8w,2021-12-07 14:06:00+00,2021-12-07 14:11:00+00,2021-12-08 12:23:37.421393+00,4,f,4,k,N/A,f,unknown,f
844,844,2021-12-08 12:27:19.034413+00,Emon,When is it safe to ignore test flakes?,209,"Bryan, Steve, Matt Hardcastle, yuchuan",Restrict tests with (more) care.,https://mattermost.team.affirm.com/affirm/pl/7b9gjy85eifpxmsn7zp9a4hpaw,2021-12-07 15:57:00+00,2021-12-07 15:59:00+00,2021-12-08 12:27:19.03443+00,4,f,4,k,N/A,f,unknown,f
845,845,2021-12-08 21:34:40.343242+00,Igor,"""... direct merchant, modor, etc all give 502 Bad Gateway ...""",222,"Cameron, Fan, Igor Idzikovskyi, Guoxin Li, Oleksandr Filonenko, Lydia Choi, Anand",Complicated:  https://mattermost.team.affirm.com/affirm/pl/xs8bckzi8f8qxmuxgzzmhbp7qo and others,https://mattermost.team.affirm.com/affirm/pl/iffe9crs1p8njcot1hebqiu5aw,2021-12-08 08:21:00+00,2021-12-08 09:48:00+00,2021-12-08 21:34:40.34326+00,4,f,5,o,N/A,f,unknown,f
846,846,2021-12-08 21:40:08.025721+00,Youyou,"""... odin.redeploy job has been failing ...""",206,"Cameron, Steve, Fan",retry (?),https://mattermost.team.affirm.com/affirm/pl/xh85xtxzrpnsdjwqknzux31aqw,2021-12-08 09:20:00+00,2021-12-08 09:48:00+00,2021-12-08 21:40:08.025738+00,4,f,3,o,N/A,f,unknown,f
847,847,2021-12-08 21:43:50.851692+00,Oleksandr Filonenko,"""... odin deploy has ... failed ...""",199,"Fan, Cameron",retry,https://mattermost.team.affirm.com/affirm/pl/iqueq8gijfnttjes6ynzxzrkpe,2021-12-08 09:45:00+00,2021-12-08 09:46:00+00,2021-12-08 21:43:50.851707+00,4,f,1,o,N/A,f,unknown,f
848,848,2021-12-08 21:47:57.411132+00,Igor Idzikovskyi,"""... 502 ...""",209,"Steve, Fan, Oleksandr Filonenko, Guoxin Li",Complicated:  https://mattermost.team.affirm.com/affirm/pl/y7yofzmibp8tjes87aozrhpk1r,https://mattermost.team.affirm.com/affirm/pl/s3mgy3tagpfejk9njam366neth,2021-12-08 11:24:00+00,2021-12-08 11:24:00+00,2021-12-08 21:47:57.411152+00,4,f,4,o,N/A,f,unknown,f
849,849,2021-12-08 21:50:08.472191+00,Lydia Choi,"""... all odins are still breaking ...""",209,"Fan, Anand, Guoxin Li",https://mattermost.team.affirm.com/affirm/pl/agosyxnoxj8dinz7bxoqyww5th,https://mattermost.team.affirm.com/affirm/pl/6tzfwtcjjpnqibp3ntchsc598a,2021-12-08 12:55:00+00,2021-12-08 12:55:00+00,2021-12-08 21:50:08.472206+00,4,f,4,o,N/A,f,unknown,f
850,850,2021-12-08 21:53:40.118023+00,Natalia Ellinikos,"""... I need to access cloudwatch logs for bluejay but I am not able to see AWS - Prod Parallel US environment ...""",282,"Steve, Ron",https://helpdesk.team.affirm.com/servicedesk/customer/portal/1/IT-48619,https://mattermost.team.affirm.com/affirm/pl/6fer39s7ybfsbg7j1yorxuyrtr,2021-12-08 11:35:00+00,2021-12-08 11:37:00+00,2021-12-08 21:53:40.11804+00,4,f,3,b,N/A,f,unknown,f
851,851,2021-12-08 21:56:28.781867+00,Tony,sweeper,281,Cameron,[in progress],https://mattermost.team.affirm.com/affirm/pl/cid7djy8u3dmfrto6tu1fztony,2021-12-08 13:10:00+00,2021-12-08 13:16:00+00,2021-12-08 21:56:28.781883+00,4,f,3,b,N/A,f,unknown,f
852,852,2021-12-08 21:59:34.741679+00,Natalia Ellinikos,access to query,282,"Cameron, Fan, Diana",Log in as root,https://mattermost.team.affirm.com/affirm/pl/y4mag5c7kpga8gwki5s7sdyb5y,2021-12-08 13:14:00+00,2021-12-08 13:17:00+00,2021-12-08 21:59:34.741698+00,4,f,3,b,N/A,f,unknown,f
840,840,2021-12-08 12:13:08.172001+00,karely,queue issue,231,"yuchuan, Dima, naif, Nick, Bryan, Steve",resolved,https://mattermost.team.affirm.com/affirm/pl/9k1bnw3g77gtzdcedogcytq13o,2021-12-07 09:30:00+00,2021-12-07 09:31:00+00,2021-12-08 12:13:08.172016+00,4,f,3,k,N/A,f,unknown,f
853,853,2021-12-08 22:06:27.30456+00,Alex,"""... test failures ...""",209,"yuchuan, Cameron,","rebase, rebuild, retry, ...",https://mattermost.team.affirm.com/affirm/pl/31d95xdhdp8b5cyn48n4kozmeo,2021-12-07 18:12:00+00,2021-12-07 20:30:00+00,2021-12-08 22:06:27.304576+00,4,f,3,k,N/A,f,unknown,f
854,854,2021-12-08 22:09:19.434595+00,Lydian,"""... k8s build all is constantly timeout ...""",231,"Steve, Cameron, yuchuan",Ask Kubernetes.,https://mattermost.team.affirm.com/affirm/pl/deihhrjwfpdb3ky3oqb35w5p8e,2021-12-08 11:13:00+00,2021-12-08 11:15:00+00,2021-12-08 22:09:19.434611+00,4,f,4,k,N/A,f,unknown,f
855,855,2021-12-08 22:12:14.848245+00,Rohan,out of memory,281,"Steve, Michael Dragilev","retry

Also, contact DevTools triage.",https://mattermost.team.affirm.com/affirm/pl/46pbbana7fy4x8ybu6e3gdi17w,2021-12-08 13:10:00+00,2021-12-08 13:13:00+00,2021-12-08 22:12:14.848262+00,4,f,3,k,N/A,f,unknown,f
856,856,2021-12-08 22:18:28.70431+00,Charly Xie,... nginx ...,203,"Cameron, Diana,","redeploy?

Also:  correct Hudson; unique name; new ODIN.",https://mattermost.team.affirm.com/affirm/pl/g5icyakkppbzugfw8gk1dhiecw,2021-12-08 14:13:00+00,2021-12-08 14:14:00+00,2021-12-08 22:18:28.704326+00,4,f,3,o,N/A,f,unknown,f
857,857,2021-12-09 00:14:03.197355+00,Rohan Nagalkar,unsuccessful redeployments,197,"Steve, Diana",retry,https://mattermost.team.affirm.com/affirm/pl/ann166oxaprn8ksgjf7qfaphce,2021-12-08 14:56:00+00,2021-12-08 14:57:00+00,2021-12-09 00:14:03.197372+00,4,f,2,o,N/A,f,unknown,f
858,858,2021-12-09 00:31:20.656288+00,Wayne,... 502s ...,222,"Cameron, Fan",... delet[e] /etc/nginx/location.d/growth.conf and restart the process ...,https://mattermost.team.affirm.com/affirm/pl/o7tb8d16apf45nisx1qhusw9fw,2021-12-08 15:02:00+00,2021-12-08 16:25:00+00,2021-12-09 00:31:20.656307+00,4,f,3,o,N/A,f,unknown,f
860,860,2021-12-09 17:44:05.78547+00,Eugene Eydlin,"""... trouble accessing the merchant site on ODINs ...""",209,"Cameron, Fan",https://mattermost.team.affirm.com/affirm/pl/eow1q3uffiyiuqkpaeadnzkj5o,https://mattermost.team.affirm.com/affirm/pl/xttz8orcbbrdzpsyrgzwndebza,2021-12-09 07:34:00+00,2021-12-09 07:47:00+00,2021-12-09 17:44:05.785489+00,4,f,3,o,N/A,f,unknown,f
861,861,2021-12-09 17:47:20.538575+00,Avni,merchant site failure,209,"Cameron, Fan",https://mattermost.team.affirm.com/affirm/pl/eow1q3uffiyiuqkpaeadnzkj5o,https://mattermost.team.affirm.com/affirm/pl/8tff94jk83nt7npjwrxh16dphr,2021-12-09 08:30:00+00,2021-12-09 08:34:00+00,2021-12-09 17:47:20.538595+00,4,f,3,o,N/A,f,unknown,f
862,862,2021-12-09 17:49:33.483216+00,Natalia Ellinikos,Get into database,282,"Cameron, Fan",Find MySQL credentials,https://mattermost.team.affirm.com/affirm/pl/k67kmgn1nirpzcnb3hwaucdx1o,2021-12-09 06:47:00+00,2021-12-09 06:50:00+00,2021-12-09 17:49:33.483234+00,4,f,4,b,N/A,f,unknown,f
859,859,2021-12-09 01:20:01.67486+00,Joshua Chua,Joshua wants his ODIN not to hibernate,207,"Diana, Cameron, Fan",Diana helped Joshua read the manual.,https://mattermost.team.affirm.com/affirm/pl/uaotwbkj8tfe5pkpqi3uaf8hbc,2021-12-08 15:34:00+00,2021-12-08 15:35:00+00,2021-12-09 01:20:01.674876+00,4,f,2,o,N/A,f,unknown,f
711,711,2021-11-15 00:01:09.062146+00,Andres Gonzalez,"""CRM is never part of ... default ...""",263,Diana,"""CRM is never part of ... default ...""",https://mattermost.team.affirm.com/affirm/pl/ertm9pwoebb8ukub85o6dup1bo,2021-11-05 11:43:00+00,2021-11-05 11:43:00+00,2021-11-15 00:01:09.062158+00,4,f,2,o,N/A,f,unknown,f
863,863,2021-12-09 21:52:47.937049+00,Prachi Khandekar,"""... can I just merge to master or do I have to board a monolith release train?""",226,"Bryan, Lydia Choi, Tony, yuchuan","""... test-only changes can merge directly to master yes ...""

https://confluence.team.affirm.com/display/EN/Trunk+Based+Development+Process",https://mattermost.team.affirm.com/affirm/pl/fza14djpatfy9er6xpp8qx6hbh,2021-12-09 12:03:00+00,2021-12-09 12:08:00+00,2021-12-09 21:52:47.937065+00,4,f,3,k,N/A,f,unknown,f
864,864,2021-12-09 22:04:37.266922+00,Sambhav Anand,broken?,222,"Cameron, Fan, Steve",unknown,https://mattermost.team.affirm.com/affirm/pl/o35fa6e5njfq8gaj6ahaw7q19h,2021-12-09 10:12:00+00,2021-12-09 10:13:00+00,2021-12-09 22:04:37.266937+00,4,f,2,o,N/A,f,unknown,f
865,865,2021-12-09 22:07:06.051214+00,Igor,suggestion for mailing,222,"Diana, Chad Ellis",difficult,https://mattermost.team.affirm.com/affirm/pl/76bud4rus7r63ppi6bh1opx3aw,2021-12-09 11:38:00+00,2021-12-09 12:02:00+00,2021-12-09 22:07:06.051232+00,4,f,5,o,N/A,f,unknown,f
866,866,2021-12-09 22:12:55.383816+00,kyu,"""my phablet build keeps failing ...""",283,Bryan,unknown,https://mattermost.team.affirm.com/affirm/pl/mquq6w1bafdkukff7rusr85qha,2021-12-09 14:07:00+00,2021-12-09 14:10:00+00,2021-12-09 22:12:55.383832+00,4,f,3,k,N/A,f,unknown,f
867,867,2021-12-09 22:16:31.723606+00,Youyou,"""... Does anyone know where I can find the list of IPs for ODIN outbound calls?""",284,"Diana, Steve, Fan","""... create a IT ticket ...""",https://mattermost.team.affirm.com/affirm/pl/bhs1o68ybjntzc9edpmmb7caew,2021-12-09 12:10:00+00,2021-12-09 12:56:00+00,2021-12-09 22:16:31.723624+00,4,f,4,o,N/A,f,unknown,f
868,868,2021-12-09 22:54:31.874683+00,Siddhesh Phadke,"""... No matching sls found ...""",209,"Steve, Fan","""... run salt '*' saltutil.kill_job <job id> to kill the running job ...""",https://mattermost.team.affirm.com/affirm/pl/4xc6yrb7jtbjiy48ik8ycmwa8w,2021-12-09 12:15:00+00,2021-12-09 12:19:00+00,2021-12-09 22:54:31.874702+00,4,f,3,o,N/A,f,unknown,f
869,869,2021-12-09 22:58:07.630157+00,StephenD,"""... my ODIN is having trouble with nginx-frontend ...""",203,Diana,"""... delete /etc/nginx/locations/growth.conf
and then run
sudo supdctl service nginx-frontend restart ...""",https://mattermost.team.affirm.com/affirm/pl/7qck3buc4tgizfmdypgibreqqr,2021-12-09 12:23:00+00,2021-12-09 12:23:00+00,2021-12-09 22:58:07.630175+00,4,f,2,o,N/A,f,unknown,f
870,870,2021-12-09 23:11:23.569997+00,Jerome Hollon,"""... odin.get job is failing regularly ...""",209,"Fan, Steve, Cameron",miscellaneous basic stuff,https://mattermost.team.affirm.com/affirm/pl/j5m7pj6dw7b1zybdg5mr9raodr,2021-12-09 12:28:00+00,2021-12-09 13:20:00+00,2021-12-09 23:11:23.570016+00,4,f,3,o,N/A,f,unknown,f
871,871,2021-12-10 14:16:52.893104+00,Sambhav Anand,http://localhost:8000/admin/ticket/ticket/864/change/,222,"Cameron, Fan",http://localhost:8000/admin/ticket/ticket/871/change/,https://mattermost.team.affirm.com/affirm/pl/7tias9nzn38y9e4jhe4gw393jw,2021-12-10 04:03:00+00,2021-12-10 05:15:00+00,2021-12-10 14:16:52.893121+00,4,f,3,o,N/A,f,unknown,f
872,872,2021-12-10 14:34:28.813107+00,Lydian,"""... failed to kickoff cleanup ...""",209,"Matt Hardcastle, Cameron",Re-try.,https://mattermost.team.affirm.com/affirm/pl/mcgaeo1w7pfr9jkyh9f96zfdww,2021-12-09 17:41:00+00,2021-12-09 17:42:00+00,2021-12-10 14:34:28.813124+00,4,f,2,k,N/A,f,unknown,f
873,873,2021-12-10 14:39:27.914308+00,Chu,"""... our DT stage deploy is having trouble with git ...""",199,Cameron,unknown,https://mattermost.team.affirm.com/affirm/pl/tygrrpe913rttmafhuhrypmojh,2021-12-09 18:03:00+00,2021-12-10 06:39:00+00,2021-12-10 14:39:27.914325+00,4,f,4,k,N/A,f,unknown,f
874,874,2021-12-10 14:46:11.498424+00,jianpu,"""... build is hanging ... deploy lock step is broke ...""",209,Cameron,unknown,https://mattermost.team.affirm.com/affirm/pl/hzogs67fkpya9q4ncqth5fa6to,2021-12-09 18:07:00+00,2021-12-10 06:45:00+00,2021-12-10 14:46:11.498441+00,4,f,4,k,N/A,f,unknown,f
875,875,2021-12-10 16:53:28.533749+00,Dmytro Oleinichenko,"""... odin.stale returns error ...""",204,"Cameron, Fan","Retry

There's more to it than that, though.  Fan says the misleading message is one we can fix, and we _need_ to fix it.",https://mattermost.team.affirm.com/affirm/pl/kab3ycxkupnstrq4phwrc68zje,2021-12-10 07:41:00+00,2021-12-10 07:46:00+00,2021-12-10 16:53:28.533766+00,4,f,3,o,N/A,f,unknown,f
876,876,2021-12-10 17:05:14.981917+00,Mykhailo Yusko,"No free space emergency, with demonstration underway.",281,"Cameron, Fan","After a lot of marginal quick hacks I undertook to make a couple of gigabytes free, Fan agreed to the safety of

    sudo rm swap-hibinit 

(two months old already).  I expect this'll be enough to get Mykhailo to New Year.",https://mattermost.team.affirm.com/affirm/pl/1dkfupr7cpgi5yo97zxdkcynio,2021-12-10 07:46:00+00,2021-12-10 07:47:00+00,2021-12-10 17:05:14.981936+00,4,f,4,o,N/A,f,unknown,f
877,877,2021-12-10 17:19:55.579526+00,yubo,Make space on bluejay-bitcoin.,281,"Yun-Chieh Sung, Cameron, Jonathan Booth",Cleanup of logs (!?) was adequate to the need.,https://mattermost.team.affirm.com/affirm/pl/nbnwxrqcubbozrw7rbfpdj75pe,2021-12-10 08:34:00+00,2021-12-10 08:39:00+00,2021-12-10 17:19:55.579543+00,4,f,3,b,N/A,f,unknown,f
878,878,2021-12-10 17:24:05.765315+00,Oleksandr Filonenko,five-hour wait,283,Cameron,wait,https://mattermost.team.affirm.com/affirm/pl/jmz4urzujtdrdf1xd7n9kqxfpe,2021-12-10 08:55:00+00,2021-12-10 09:08:00+00,2021-12-10 17:24:05.765333+00,4,f,3,k,N/A,f,unknown,f
881,881,2021-12-11 00:24:52.251874+00,Tae,ODIN unresponsive,216,Diana,"""He's dead, Jim.""  That is, the fix is to create a new ODIN.",https://mattermost.team.affirm.com/affirm/pl/q6tidx6xdbnpmdinzcpieoczqe,2021-12-10 11:00:00+00,2021-12-10 11:01:00+00,2021-12-11 00:24:52.25189+00,4,f,3,o,N/A,f,unknown,f
882,882,2021-12-11 00:29:49.785126+00,jordan k,"""... 502s ...""",222,Diana,"growth.conf

Diana fixes and sends him on his way.",https://mattermost.team.affirm.com/affirm/pl/r3umiqxqfbb53nk83r6wd1roha,2021-12-10 12:46:00+00,2021-12-10 12:47:00+00,2021-12-11 00:29:49.78514+00,4,f,3,o,N/A,f,unknown,f
883,883,2021-12-11 00:33:01.271743+00,Siddhesh Phadke,"""No matching sis ...""",209,Diana,"growth.conf

Which Diana did on his behalf.",https://mattermost.team.affirm.com/affirm/pl/dywwrzzqd7dbpbk17a6hggdrgo,2021-12-10 13:55:00+00,2021-12-10 13:59:00+00,2021-12-11 00:33:01.271759+00,4,f,3,o,N/A,f,unknown,f
884,884,2021-12-11 00:38:52.512636+00,Tae,Reset expiry.,207,Diana,Diana does as requested.,https://mattermost.team.affirm.com/affirm/pl/ztumkmjmpjn1ud45kmfjq5djsa,2021-12-10 14:46:00+00,2021-12-10 14:46:00+00,2021-12-11 00:38:52.512654+00,4,f,3,o,N/A,f,unknown,f
880,880,2021-12-10 18:21:11.245627+00,Himal,?,209,"Bryan, Cameron","?

Cameron follows up privately.",https://mattermost.team.affirm.com/affirm/pl/utqxe8k3hpgb8pjdb349ey4eqa,2021-12-10 10:18:00+00,2021-12-10 10:19:00+00,2021-12-10 18:21:11.245643+00,4,f,3,k,N/A,f,unknown,f
885,885,2021-12-11 00:55:21.717645+00,Steve,Restart BuildKite jobs?,209,yuchuan,Let it run.,https://mattermost.team.affirm.com/affirm/pl/zriwrsa7x7dzfm6mkd1ewwirpe,2021-12-10 12:03:00+00,2021-12-10 12:05:00+00,2021-12-11 00:55:21.71766+00,4,f,2,k,N/A,f,unknown,f
886,886,2021-12-11 01:00:20.65052+00,Himal,"still running, no tests",209,"Bryan, Michael Dragilev","""You can manually cancel your build and click re-build  In the meantime we are looking to do that to all currently waiting builds.""",https://mattermost.team.affirm.com/affirm/pl/utqxe8k3hpgb8pjdb349ey4eqa,2021-12-10 10:18:00+00,2021-12-10 10:19:00+00,2021-12-11 01:00:20.650535+00,4,f,3,k,N/A,f,unknown,f
887,887,2021-12-11 01:05:55.230725+00,isaac,"""... SAML ...""",209,"Bryan, Adriel,	Michael Dragilev","""... an issue with the credential looking its SSO authorization ...""

""This didn't randomly happen.  We were messing with the permissions on the token and that changed the authorization.  We now know that that will happen and will go through IT to make those changes.""",https://mattermost.team.affirm.com/affirm/pl/bpt6aumws3d5uxbcgiugwx5sbe,2021-12-10 13:04:00+00,2021-12-10 13:07:00+00,2021-12-11 01:05:55.23074+00,4,f,4,k,N/A,f,unknown,f
879,879,2021-12-10 18:07:59.804443+00,yubo,"""... permission denied ...""",282,Diana,sudo,https://mattermost.team.affirm.com/affirm/pl/y1b5trze8idipdcjrff5zxzg3y,2021-12-10 10:04:00+00,2021-12-10 10:05:00+00,2021-12-10 18:07:59.804461+00,4,f,3,b,N/A,f,unknown,f
889,889,2021-12-11 01:17:54.866326+00,Andrew I,"""What bluejay can we use to replicate the AU DB?""",219,"Jonathan Booth, Austin, Cameron","""... we ended up using bluejay-aud1-au""",https://mattermost.team.affirm.com/affirm/pl/1y8x6wgo93rf3guk7nn91e87nr,2021-12-10 10:32:00+00,2021-12-10 10:41:00+00,2021-12-11 01:17:54.866349+00,4,f,2,b,N/A,f,unknown,f
891,891,2021-12-11 01:28:43.195514+00,Austin Luong,"""... I'm trying to sync / deploy to an au bluejay but am having issues getting it to pass ...""",199,Diana,"""... au needs its own bluejay / prod-snapshot config ...""

https://mattermost.team.affirm.com/affirm/pl/cga8eonjjjb7mnz14mt3dizupw",https://mattermost.team.affirm.com/affirm/pl/r19yjzfj4frqfg51x4mohtk3rc,2021-12-10 11:35:00+00,2021-12-10 11:36:00+00,2021-12-11 01:28:43.195532+00,4,f,5,b,N/A,f,unknown,f
892,892,2021-12-11 01:42:14.842671+00,Bridget,"""... [I]s it possible that the bluejay.deploy could create the docker image if it doesn't already exist, instead of requiring us to manually do it beforehand?""",290,Cameron,We'll look at it on Monday.,https://mattermost.team.affirm.com/affirm/pl/5u4ci3qmpfnqxgem5g6q3qum4y,2021-12-10 15:43:00+00,2021-12-10 17:35:00+00,2021-12-11 01:42:14.842687+00,4,f,2,b,N/A,f,unknown,f
888,888,2021-12-11 01:10:17.924433+00,Wayne,"""My build has been stuck for 2 hours waiting on an agent for behave tests, is there anything I need to do?""",209,Michael Dragilev,"""You can manually cancel your build and click re-build. In the meantime we are looking to do that to all currently waiting builds""

wait",https://mattermost.team.affirm.com/affirm/pl/76nthxao7pnqbrw77m9bro8kxo,2021-12-10 13:31:00+00,2021-12-10 14:13:00+00,2021-12-11 01:10:17.924451+00,4,f,3,k,N/A,f,unknown,f
890,890,2021-12-11 01:24:35.284006+00,Jonathan Kim,"""Does anyone know how to access the aud1-au snapshot database?""",219,Cameron,"""... after running a deploy using the bluejay deploy job the database connected started to work  Had to set the reset database parameter to yes""",https://mattermost.team.affirm.com/affirm/pl/crf3g7kg5jfafgfbrybjgax6oh,2021-12-10 10:58:00+00,2021-12-10 17:20:00+00,2021-12-11 01:24:35.284021+00,4,f,3,b,N/A,f,unknown,f
